territorio,escenario,indicador,valor
COLOMBIA,Mayo 2026 - Primera vuelta,Potencial,41421973
COLOMBIA,Junio 2026 - Segunda vuelta proyectada,Potencial,41421973
COLOMBIA,Mayo 2026 - Primera vuelta,Sufragantes,23978304
COLOMBIA,Junio 2026 - Segunda vuelta proyectada,Sufragantes,23451315
COLOMBIA,Mayo 2026 - Primera vuelta,Votos válidos,23685329
COLOMBIA,Junio 2026 - Segunda vuelta proyectada,Votos válidos,23334478
COLOMBIA,Mayo 2026 - Primera vuelta,Votos por candidatos,23278359
COLOMBIA,Junio 2026 - Segunda vuelta proyectada,Votos por candidatos,22495344
COLOMBIA,Mayo 2026 - Primera vuelta,Voto en blanco,406970
COLOMBIA,Junio 2026 - Segunda vuelta proyectada,Voto en blanco,839134
COLOMBIA,Mayo 2026 - Primera vuelta,Votos nulos,245389
COLOMBIA,Junio 2026 - Segunda vuelta proyectada,Votos nulos,90359
COLOMBIA,Mayo 2026 - Primera vuelta,Votos no marcados,47586
COLOMBIA,Junio 2026 - Segunda vuelta proyectada,Votos no marcados,26478
AMAZONAS,Mayo 2026 - Primera vuelta,Potencial,57274
AMAZONAS,Junio 2026 - Segunda vuelta proyectada,Potencial,57274
AMAZONAS,Mayo 2026 - Primera vuelta,Sufragantes,25557
AMAZONAS,Junio 2026 - Segunda vuelta proyectada,Sufragantes,26088
AMAZONAS,Mayo 2026 - Primera vuelta,Votos válidos,25227
AMAZONAS,Junio 2026 - Segunda vuelta proyectada,Votos válidos,25330
AMAZONAS,Mayo 2026 - Primera vuelta,Votos por candidatos,24748
AMAZONAS,Junio 2026 - Segunda vuelta proyectada,Votos por candidatos,24430
AMAZONAS,Mayo 2026 - Primera vuelta,Voto en blanco,479
AMAZONAS,Junio 2026 - Segunda vuelta proyectada,Voto en blanco,900
AMAZONAS,Mayo 2026 - Primera vuelta,Votos nulos,229
AMAZONAS,Junio 2026 - Segunda vuelta proyectada,Votos nulos,457
AMAZONAS,Mayo 2026 - Primera vuelta,Votos no marcados,101
AMAZONAS,Junio 2026 - Segunda vuelta proyectada,Votos no marcados,301
ANTIOQUIA,Mayo 2026 - Primera vuelta,Potencial,5448240
ANTIOQUIA,Junio 2026 - Segunda vuelta proyectada,Potencial,5448240
ANTIOQUIA,Mayo 2026 - Primera vuelta,Sufragantes,3209520
ANTIOQUIA,Junio 2026 - Segunda vuelta proyectada,Sufragantes,3071254
ANTIOQUIA,Mayo 2026 - Primera vuelta,Votos válidos,3170236
ANTIOQUIA,Junio 2026 - Segunda vuelta proyectada,Votos válidos,3071254
ANTIOQUIA,Mayo 2026 - Primera vuelta,Votos por candidatos,3109697
ANTIOQUIA,Junio 2026 - Segunda vuelta proyectada,Votos por candidatos,2923172
ANTIOQUIA,Mayo 2026 - Primera vuelta,Voto en blanco,60539
ANTIOQUIA,Junio 2026 - Segunda vuelta proyectada,Voto en blanco,148082
ANTIOQUIA,Mayo 2026 - Primera vuelta,Votos nulos,31097
ANTIOQUIA,Junio 2026 - Segunda vuelta proyectada,Votos nulos,0
ANTIOQUIA,Mayo 2026 - Primera vuelta,Votos no marcados,8187
ANTIOQUIA,Junio 2026 - Segunda vuelta proyectada,Votos no marcados,0
ARAUCA,Mayo 2026 - Primera vuelta,Potencial,220805
ARAUCA,Junio 2026 - Segunda vuelta proyectada,Potencial,220805
ARAUCA,Mayo 2026 - Primera vuelta,Sufragantes,100729
ARAUCA,Junio 2026 - Segunda vuelta proyectada,Sufragantes,110062
ARAUCA,Mayo 2026 - Primera vuelta,Votos válidos,98687
ARAUCA,Junio 2026 - Segunda vuelta proyectada,Votos válidos,107724
ARAUCA,Mayo 2026 - Primera vuelta,Votos por candidatos,96108
ARAUCA,Junio 2026 - Segunda vuelta proyectada,Votos por candidatos,102786
ARAUCA,Mayo 2026 - Primera vuelta,Voto en blanco,2579
ARAUCA,Junio 2026 - Segunda vuelta proyectada,Voto en blanco,4938
ARAUCA,Mayo 2026 - Primera vuelta,Votos nulos,1660
ARAUCA,Junio 2026 - Segunda vuelta proyectada,Votos nulos,1698
ARAUCA,Mayo 2026 - Primera vuelta,Votos no marcados,382
ARAUCA,Junio 2026 - Segunda vuelta proyectada,Votos no marcados,640
ATLANTICO,Mayo 2026 - Primera vuelta,Potencial,2129515
ATLANTICO,Junio 2026 - Segunda vuelta proyectada,Potencial,2129515
ATLANTICO,Mayo 2026 - Primera vuelta,Sufragantes,1060147
ATLANTICO,Junio 2026 - Segunda vuelta proyectada,Sufragantes,1162535
ATLANTICO,Mayo 2026 - Primera vuelta,Votos válidos,1053684
ATLANTICO,Junio 2026 - Segunda vuelta proyectada,Votos válidos,1159873
ATLANTICO,Mayo 2026 - Primera vuelta,Votos por candidatos,1041351
ATLANTICO,Junio 2026 - Segunda vuelta proyectada,Votos por candidatos,1128414
ATLANTICO,Mayo 2026 - Primera vuelta,Voto en blanco,12333
ATLANTICO,Junio 2026 - Segunda vuelta proyectada,Voto en blanco,31459
ATLANTICO,Mayo 2026 - Primera vuelta,Votos nulos,4735
ATLANTICO,Junio 2026 - Segunda vuelta proyectada,Votos nulos,1877
ATLANTICO,Mayo 2026 - Primera vuelta,Votos no marcados,1728
ATLANTICO,Junio 2026 - Segunda vuelta proyectada,Votos no marcados,785
BOGOTA D.C.,Mayo 2026 - Primera vuelta,Potencial,6076599
BOGOTA D.C.,Junio 2026 - Segunda vuelta proyectada,Potencial,6076599
BOGOTA D.C.,Mayo 2026 - Primera vuelta,Sufragantes,4130084
BOGOTA D.C.,Junio 2026 - Segunda vuelta proyectada,Sufragantes,3910550
BOGOTA D.C.,Mayo 2026 - Primera vuelta,Votos válidos,4094508
BOGOTA D.C.,Junio 2026 - Segunda vuelta proyectada,Votos válidos,3910550
BOGOTA D.C.,Mayo 2026 - Primera vuelta,Votos por candidatos,4024364
BOGOTA D.C.,Junio 2026 - Segunda vuelta proyectada,Votos por candidatos,3743896
BOGOTA D.C.,Mayo 2026 - Primera vuelta,Voto en blanco,70144
BOGOTA D.C.,Junio 2026 - Segunda vuelta proyectada,Voto en blanco,166654
BOGOTA D.C.,Mayo 2026 - Primera vuelta,Votos nulos,33279
BOGOTA D.C.,Junio 2026 - Segunda vuelta proyectada,Votos nulos,0
BOGOTA D.C.,Mayo 2026 - Primera vuelta,Votos no marcados,2297
BOGOTA D.C.,Junio 2026 - Segunda vuelta proyectada,Votos no marcados,0
BOLIVAR,Mayo 2026 - Primera vuelta,Potencial,1791159
BOLIVAR,Junio 2026 - Segunda vuelta proyectada,Potencial,1791159
BOLIVAR,Mayo 2026 - Primera vuelta,Sufragantes,827020
BOLIVAR,Junio 2026 - Segunda vuelta proyectada,Sufragantes,898822
BOLIVAR,Mayo 2026 - Primera vuelta,Votos válidos,820699
BOLIVAR,Junio 2026 - Segunda vuelta proyectada,Votos válidos,892065
BOLIVAR,Mayo 2026 - Primera vuelta,Votos por candidatos,807418
BOLIVAR,Junio 2026 - Segunda vuelta proyectada,Votos por candidatos,868841
BOLIVAR,Mayo 2026 - Primera vuelta,Voto en blanco,13281
BOLIVAR,Junio 2026 - Segunda vuelta proyectada,Voto en blanco,23224
BOLIVAR,Mayo 2026 - Primera vuelta,Votos nulos,4542
BOLIVAR,Junio 2026 - Segunda vuelta proyectada,Votos nulos,5017
BOLIVAR,Mayo 2026 - Primera vuelta,Votos no marcados,1779
BOLIVAR,Junio 2026 - Segunda vuelta proyectada,Votos no marcados,1740
BOYACA,Mayo 2026 - Primera vuelta,Potencial,1039293
BOYACA,Junio 2026 - Segunda vuelta proyectada,Potencial,1039293
BOYACA,Mayo 2026 - Primera vuelta,Sufragantes,677633
BOYACA,Junio 2026 - Segunda vuelta proyectada,Sufragantes,636387
BOYACA,Mayo 2026 - Primera vuelta,Votos válidos,669162
BOYACA,Junio 2026 - Segunda vuelta proyectada,Votos válidos,633511
BOYACA,Mayo 2026 - Primera vuelta,Votos por candidatos,658822
BOYACA,Junio 2026 - Segunda vuelta proyectada,Votos por candidatos,611396
BOYACA,Mayo 2026 - Primera vuelta,Voto en blanco,10340
BOYACA,Junio 2026 - Segunda vuelta proyectada,Voto en blanco,22115
BOYACA,Mayo 2026 - Primera vuelta,Votos nulos,7362
BOYACA,Junio 2026 - Segunda vuelta proyectada,Votos nulos,2358
BOYACA,Mayo 2026 - Primera vuelta,Votos no marcados,1109
BOYACA,Junio 2026 - Segunda vuelta proyectada,Votos no marcados,518
CALDAS,Mayo 2026 - Primera vuelta,Potencial,828671
CALDAS,Junio 2026 - Segunda vuelta proyectada,Potencial,828671
CALDAS,Mayo 2026 - Primera vuelta,Sufragantes,502807
CALDAS,Junio 2026 - Segunda vuelta proyectada,Sufragantes,479949
CALDAS,Mayo 2026 - Primera vuelta,Votos válidos,491259
CALDAS,Junio 2026 - Segunda vuelta proyectada,Votos válidos,470989
CALDAS,Mayo 2026 - Primera vuelta,Votos por candidatos,481427
CALDAS,Junio 2026 - Segunda vuelta proyectada,Votos por candidatos,448519
CALDAS,Mayo 2026 - Primera vuelta,Voto en blanco,9832
CALDAS,Junio 2026 - Segunda vuelta proyectada,Voto en blanco,22470
CALDAS,Mayo 2026 - Primera vuelta,Votos nulos,9719
CALDAS,Junio 2026 - Segunda vuelta proyectada,Votos nulos,7011
CALDAS,Mayo 2026 - Primera vuelta,Votos no marcados,1829
CALDAS,Junio 2026 - Segunda vuelta proyectada,Votos no marcados,1949
CAQUETA,Mayo 2026 - Primera vuelta,Potencial,327418
CAQUETA,Junio 2026 - Segunda vuelta proyectada,Potencial,327418
CAQUETA,Mayo 2026 - Primera vuelta,Sufragantes,174993
CAQUETA,Junio 2026 - Segunda vuelta proyectada,Sufragantes,173656
CAQUETA,Mayo 2026 - Primera vuelta,Votos válidos,171296
CAQUETA,Junio 2026 - Segunda vuelta proyectada,Votos válidos,169374
CAQUETA,Mayo 2026 - Primera vuelta,Votos por candidatos,166351
CAQUETA,Junio 2026 - Segunda vuelta proyectada,Votos por candidatos,162209
CAQUETA,Mayo 2026 - Primera vuelta,Voto en blanco,4945
CAQUETA,Junio 2026 - Segunda vuelta proyectada,Voto en blanco,7165
CAQUETA,Mayo 2026 - Primera vuelta,Votos nulos,2707
CAQUETA,Junio 2026 - Segunda vuelta proyectada,Votos nulos,3057
CAQUETA,Mayo 2026 - Primera vuelta,Votos no marcados,990
CAQUETA,Junio 2026 - Segunda vuelta proyectada,Votos no marcados,1225
CASANARE,Mayo 2026 - Primera vuelta,Potencial,328773
CASANARE,Junio 2026 - Segunda vuelta proyectada,Potencial,328773
CASANARE,Mayo 2026 - Primera vuelta,Sufragantes,222503
CASANARE,Junio 2026 - Segunda vuelta proyectada,Sufragantes,208331
CASANARE,Mayo 2026 - Primera vuelta,Votos válidos,218942
CASANARE,Junio 2026 - Segunda vuelta proyectada,Votos válidos,205584
CASANARE,Mayo 2026 - Primera vuelta,Votos por candidatos,215037
CASANARE,Junio 2026 - Segunda vuelta proyectada,Votos por candidatos,198666
CASANARE,Mayo 2026 - Primera vuelta,Voto en blanco,3905
CASANARE,Junio 2026 - Segunda vuelta proyectada,Voto en blanco,6918
CASANARE,Mayo 2026 - Primera vuelta,Votos nulos,3063
CASANARE,Junio 2026 - Segunda vuelta proyectada,Votos nulos,2392
CASANARE,Mayo 2026 - Primera vuelta,Votos no marcados,498
CASANARE,Junio 2026 - Segunda vuelta proyectada,Votos no marcados,355
CAUCA,Mayo 2026 - Primera vuelta,Potencial,1075975
CAUCA,Junio 2026 - Segunda vuelta proyectada,Potencial,1075975
CAUCA,Mayo 2026 - Primera vuelta,Sufragantes,696829
CAUCA,Junio 2026 - Segunda vuelta proyectada,Sufragantes,624909
CAUCA,Mayo 2026 - Primera vuelta,Votos válidos,677203
CAUCA,Junio 2026 - Segunda vuelta proyectada,Votos válidos,617007
CAUCA,Mayo 2026 - Primera vuelta,Votos por candidatos,660770
CAUCA,Junio 2026 - Segunda vuelta proyectada,Votos por candidatos,596903
CAUCA,Mayo 2026 - Primera vuelta,Voto en blanco,16433
CAUCA,Junio 2026 - Segunda vuelta proyectada,Voto en blanco,20104
CAUCA,Mayo 2026 - Primera vuelta,Votos nulos,15568
CAUCA,Junio 2026 - Segunda vuelta proyectada,Votos nulos,5649
CAUCA,Mayo 2026 - Primera vuelta,Votos no marcados,4058
CAUCA,Junio 2026 - Segunda vuelta proyectada,Votos no marcados,2253
CESAR,Mayo 2026 - Primera vuelta,Potencial,929139
CESAR,Junio 2026 - Segunda vuelta proyectada,Potencial,929139
CESAR,Mayo 2026 - Primera vuelta,Sufragantes,488601
CESAR,Junio 2026 - Segunda vuelta proyectada,Sufragantes,518253
CESAR,Mayo 2026 - Primera vuelta,Votos válidos,482856
CESAR,Junio 2026 - Segunda vuelta proyectada,Votos válidos,511084
CESAR,Mayo 2026 - Primera vuelta,Votos por candidatos,475751
CESAR,Junio 2026 - Segunda vuelta proyectada,Votos por candidatos,498904
CESAR,Mayo 2026 - Primera vuelta,Voto en blanco,7105
CESAR,Junio 2026 - Segunda vuelta proyectada,Voto en blanco,12180
CESAR,Mayo 2026 - Primera vuelta,Votos nulos,4679
CESAR,Junio 2026 - Segunda vuelta proyectada,Votos nulos,5967
CESAR,Mayo 2026 - Primera vuelta,Votos no marcados,1066
CESAR,Junio 2026 - Segunda vuelta proyectada,Votos no marcados,1202
CHOCO,Mayo 2026 - Primera vuelta,Potencial,361794
CHOCO,Junio 2026 - Segunda vuelta proyectada,Potencial,361794
CHOCO,Mayo 2026 - Primera vuelta,Sufragantes,147256
CHOCO,Junio 2026 - Segunda vuelta proyectada,Sufragantes,169400
CHOCO,Mayo 2026 - Primera vuelta,Votos válidos,144225
CHOCO,Junio 2026 - Segunda vuelta proyectada,Votos válidos,164071
CHOCO,Mayo 2026 - Primera vuelta,Votos por candidatos,141964
CHOCO,Junio 2026 - Segunda vuelta proyectada,Votos por candidatos,160846
CHOCO,Mayo 2026 - Primera vuelta,Voto en blanco,2261
CHOCO,Junio 2026 - Segunda vuelta proyectada,Voto en blanco,3225
CHOCO,Mayo 2026 - Primera vuelta,Votos nulos,2451
CHOCO,Junio 2026 - Segunda vuelta proyectada,Votos nulos,4224
CHOCO,Mayo 2026 - Primera vuelta,Votos no marcados,580
CHOCO,Junio 2026 - Segunda vuelta proyectada,Votos no marcados,1105
CONSULADOS,Mayo 2026 - Primera vuelta,Potencial,1414661
CONSULADOS,Junio 2026 - Segunda vuelta proyectada,Potencial,1414661
CONSULADOS,Mayo 2026 - Primera vuelta,Sufragantes,589829
CONSULADOS,Junio 2026 - Segunda vuelta proyectada,Sufragantes,427751
CONSULADOS,Mayo 2026 - Primera vuelta,Votos válidos,588573
CONSULADOS,Junio 2026 - Segunda vuelta proyectada,Votos válidos,427751
CONSULADOS,Mayo 2026 - Primera vuelta,Votos por candidatos,584044
CONSULADOS,Junio 2026 - Segunda vuelta proyectada,Votos por candidatos,419696
CONSULADOS,Mayo 2026 - Primera vuelta,Voto en blanco,4529
CONSULADOS,Junio 2026 - Segunda vuelta proyectada,Voto en blanco,8055
CONSULADOS,Mayo 2026 - Primera vuelta,Votos nulos,1011
CONSULADOS,Junio 2026 - Segunda vuelta proyectada,Votos nulos,0
CONSULADOS,Mayo 2026 - Primera vuelta,Votos no marcados,245
CONSULADOS,Junio 2026 - Segunda vuelta proyectada,Votos no marcados,0
CORDOBA,Mayo 2026 - Primera vuelta,Potencial,1394973
CORDOBA,Junio 2026 - Segunda vuelta proyectada,Potencial,1394973
CORDOBA,Mayo 2026 - Primera vuelta,Sufragantes,711571
CORDOBA,Junio 2026 - Segunda vuelta proyectada,Sufragantes,792423
CORDOBA,Mayo 2026 - Primera vuelta,Votos válidos,705432
CORDOBA,Junio 2026 - Segunda vuelta proyectada,Votos válidos,786218
CORDOBA,Mayo 2026 - Primera vuelta,Votos por candidatos,695827
CORDOBA,Junio 2026 - Segunda vuelta proyectada,Votos por candidatos,771742
CORDOBA,Mayo 2026 - Primera vuelta,Voto en blanco,9605
CORDOBA,Junio 2026 - Segunda vuelta proyectada,Voto en blanco,14476
CORDOBA,Mayo 2026 - Primera vuelta,Votos nulos,4168
CORDOBA,Junio 2026 - Segunda vuelta proyectada,Votos nulos,4638
CORDOBA,Mayo 2026 - Primera vuelta,Votos no marcados,1971
CORDOBA,Junio 2026 - Segunda vuelta proyectada,Votos no marcados,1567
CUNDINAMARCA,Mayo 2026 - Primera vuelta,Potencial,2335305
CUNDINAMARCA,Junio 2026 - Segunda vuelta proyectada,Potencial,2335305
CUNDINAMARCA,Mayo 2026 - Primera vuelta,Sufragantes,1625534
CUNDINAMARCA,Junio 2026 - Segunda vuelta proyectada,Sufragantes,1533745
CUNDINAMARCA,Mayo 2026 - Primera vuelta,Votos válidos,1601011
CUNDINAMARCA,Junio 2026 - Segunda vuelta proyectada,Votos válidos,1532147
CUNDINAMARCA,Mayo 2026 - Primera vuelta,Votos por candidatos,1571134
CUNDINAMARCA,Junio 2026 - Segunda vuelta proyectada,Votos por candidatos,1463905
CUNDINAMARCA,Mayo 2026 - Primera vuelta,Voto en blanco,29877
CUNDINAMARCA,Junio 2026 - Segunda vuelta proyectada,Voto en blanco,68242
CUNDINAMARCA,Mayo 2026 - Primera vuelta,Votos nulos,22430
CUNDINAMARCA,Junio 2026 - Segunda vuelta proyectada,Votos nulos,1387
CUNDINAMARCA,Mayo 2026 - Primera vuelta,Votos no marcados,2093
CUNDINAMARCA,Junio 2026 - Segunda vuelta proyectada,Votos no marcados,211
GUAINIA,Mayo 2026 - Primera vuelta,Potencial,36900
GUAINIA,Junio 2026 - Segunda vuelta proyectada,Potencial,36900
GUAINIA,Mayo 2026 - Primera vuelta,Sufragantes,12134
GUAINIA,Junio 2026 - Segunda vuelta proyectada,Sufragantes,15351
GUAINIA,Mayo 2026 - Primera vuelta,Votos válidos,12009
GUAINIA,Junio 2026 - Segunda vuelta proyectada,Votos válidos,14877
GUAINIA,Mayo 2026 - Primera vuelta,Votos por candidatos,11762
GUAINIA,Junio 2026 - Segunda vuelta proyectada,Votos por candidatos,14458
GUAINIA,Mayo 2026 - Primera vuelta,Voto en blanco,247
GUAINIA,Junio 2026 - Segunda vuelta proyectada,Voto en blanco,419
GUAINIA,Mayo 2026 - Primera vuelta,Votos nulos,82
GUAINIA,Junio 2026 - Segunda vuelta proyectada,Votos nulos,280
GUAINIA,Mayo 2026 - Primera vuelta,Votos no marcados,43
GUAINIA,Junio 2026 - Segunda vuelta proyectada,Votos no marcados,194
GUAVIARE,Mayo 2026 - Primera vuelta,Potencial,69304
GUAVIARE,Junio 2026 - Segunda vuelta proyectada,Potencial,69304
GUAVIARE,Mayo 2026 - Primera vuelta,Sufragantes,34951
GUAVIARE,Junio 2026 - Segunda vuelta proyectada,Sufragantes,38223
GUAVIARE,Mayo 2026 - Primera vuelta,Votos válidos,34074
GUAVIARE,Junio 2026 - Segunda vuelta proyectada,Votos válidos,36833
GUAVIARE,Mayo 2026 - Primera vuelta,Votos por candidatos,32961
GUAVIARE,Junio 2026 - Segunda vuelta proyectada,Votos por candidatos,35099
GUAVIARE,Mayo 2026 - Primera vuelta,Voto en blanco,1113
GUAVIARE,Junio 2026 - Segunda vuelta proyectada,Voto en blanco,1734
GUAVIARE,Mayo 2026 - Primera vuelta,Votos nulos,725
GUAVIARE,Junio 2026 - Segunda vuelta proyectada,Votos nulos,1043
GUAVIARE,Mayo 2026 - Primera vuelta,Votos no marcados,152
GUAVIARE,Junio 2026 - Segunda vuelta proyectada,Votos no marcados,347
HUILA,Mayo 2026 - Primera vuelta,Potencial,937739
HUILA,Junio 2026 - Segunda vuelta proyectada,Potencial,937739
HUILA,Mayo 2026 - Primera vuelta,Sufragantes,555856
HUILA,Junio 2026 - Segunda vuelta proyectada,Sufragantes,533080
HUILA,Mayo 2026 - Primera vuelta,Votos válidos,548675
HUILA,Junio 2026 - Segunda vuelta proyectada,Votos válidos,527126
HUILA,Mayo 2026 - Primera vuelta,Votos por candidatos,538672
HUILA,Junio 2026 - Segunda vuelta proyectada,Votos por candidatos,508379
HUILA,Mayo 2026 - Primera vuelta,Voto en blanco,10003
HUILA,Junio 2026 - Segunda vuelta proyectada,Voto en blanco,18747
HUILA,Mayo 2026 - Primera vuelta,Votos nulos,5939
HUILA,Junio 2026 - Segunda vuelta proyectada,Votos nulos,4713
HUILA,Mayo 2026 - Primera vuelta,Votos no marcados,1242
HUILA,Junio 2026 - Segunda vuelta proyectada,Votos no marcados,1241
LA GUAJIRA,Mayo 2026 - Primera vuelta,Potencial,708846
LA GUAJIRA,Junio 2026 - Segunda vuelta proyectada,Potencial,708846
LA GUAJIRA,Mayo 2026 - Primera vuelta,Sufragantes,257464
LA GUAJIRA,Junio 2026 - Segunda vuelta proyectada,Sufragantes,298216
LA GUAJIRA,Mayo 2026 - Primera vuelta,Votos válidos,254192
LA GUAJIRA,Junio 2026 - Segunda vuelta proyectada,Votos válidos,292894
LA GUAJIRA,Mayo 2026 - Primera vuelta,Votos por candidatos,250376
LA GUAJIRA,Junio 2026 - Segunda vuelta proyectada,Votos por candidatos,287508
LA GUAJIRA,Mayo 2026 - Primera vuelta,Voto en blanco,3816
LA GUAJIRA,Junio 2026 - Segunda vuelta proyectada,Voto en blanco,5386
LA GUAJIRA,Mayo 2026 - Primera vuelta,Votos nulos,2534
LA GUAJIRA,Junio 2026 - Segunda vuelta proyectada,Votos nulos,4082
LA GUAJIRA,Mayo 2026 - Primera vuelta,Votos no marcados,738
LA GUAJIRA,Junio 2026 - Segunda vuelta proyectada,Votos no marcados,1240
MAGDALENA,Mayo 2026 - Primera vuelta,Potencial,1089418
MAGDALENA,Junio 2026 - Segunda vuelta proyectada,Potencial,1089418
MAGDALENA,Mayo 2026 - Primera vuelta,Sufragantes,507993
MAGDALENA,Junio 2026 - Segunda vuelta proyectada,Sufragantes,559349
MAGDALENA,Mayo 2026 - Primera vuelta,Votos válidos,503190
MAGDALENA,Junio 2026 - Segunda vuelta proyectada,Votos válidos,553604
MAGDALENA,Mayo 2026 - Primera vuelta,Votos por candidatos,495634
MAGDALENA,Junio 2026 - Segunda vuelta proyectada,Votos por candidatos,542041
MAGDALENA,Mayo 2026 - Primera vuelta,Voto en blanco,7556
MAGDALENA,Junio 2026 - Segunda vuelta proyectada,Voto en blanco,11563
MAGDALENA,Mayo 2026 - Primera vuelta,Votos nulos,3712
MAGDALENA,Junio 2026 - Segunda vuelta proyectada,Votos nulos,4451
MAGDALENA,Mayo 2026 - Primera vuelta,Votos no marcados,1091
MAGDALENA,Junio 2026 - Segunda vuelta proyectada,Votos no marcados,1294
META,Mayo 2026 - Primera vuelta,Potencial,854033
META,Junio 2026 - Segunda vuelta proyectada,Potencial,854033
META,Mayo 2026 - Primera vuelta,Sufragantes,546955
META,Junio 2026 - Segunda vuelta proyectada,Sufragantes,540495
META,Mayo 2026 - Primera vuelta,Votos válidos,536993
META,Junio 2026 - Segunda vuelta proyectada,Votos válidos,533144
META,Mayo 2026 - Primera vuelta,Votos por candidatos,527444
META,Junio 2026 - Segunda vuelta proyectada,Votos por candidatos,510446
META,Mayo 2026 - Primera vuelta,Voto en blanco,9549
META,Junio 2026 - Segunda vuelta proyectada,Voto en blanco,22698
META,Mayo 2026 - Primera vuelta,Votos nulos,9000
META,Junio 2026 - Segunda vuelta proyectada,Votos nulos,6244
META,Mayo 2026 - Primera vuelta,Votos no marcados,962
META,Junio 2026 - Segunda vuelta proyectada,Votos no marcados,1107
NARIÑO,Mayo 2026 - Primera vuelta,Potencial,1225565
NARIÑO,Junio 2026 - Segunda vuelta proyectada,Potencial,1225565
NARIÑO,Mayo 2026 - Primera vuelta,Sufragantes,701088
NARIÑO,Junio 2026 - Segunda vuelta proyectada,Sufragantes,699233
NARIÑO,Mayo 2026 - Primera vuelta,Votos válidos,689794
NARIÑO,Junio 2026 - Segunda vuelta proyectada,Votos válidos,693204
NARIÑO,Mayo 2026 - Primera vuelta,Votos por candidatos,676907
NARIÑO,Junio 2026 - Segunda vuelta proyectada,Votos por candidatos,672332
NARIÑO,Mayo 2026 - Primera vuelta,Voto en blanco,12887
NARIÑO,Junio 2026 - Segunda vuelta proyectada,Voto en blanco,20872
NARIÑO,Mayo 2026 - Primera vuelta,Votos nulos,8986
NARIÑO,Junio 2026 - Segunda vuelta proyectada,Votos nulos,4559
NARIÑO,Mayo 2026 - Primera vuelta,Votos no marcados,2308
NARIÑO,Junio 2026 - Segunda vuelta proyectada,Votos no marcados,1470
NORTE DE SAN,Mayo 2026 - Primera vuelta,Potencial,1369050
NORTE DE SAN,Junio 2026 - Segunda vuelta proyectada,Potencial,1369050
NORTE DE SAN,Mayo 2026 - Primera vuelta,Sufragantes,741716
NORTE DE SAN,Junio 2026 - Segunda vuelta proyectada,Sufragantes,665109
NORTE DE SAN,Mayo 2026 - Primera vuelta,Votos válidos,735200
NORTE DE SAN,Junio 2026 - Segunda vuelta proyectada,Votos válidos,665109
NORTE DE SAN,Mayo 2026 - Primera vuelta,Votos por candidatos,726503
NORTE DE SAN,Junio 2026 - Segunda vuelta proyectada,Votos por candidatos,646731
NORTE DE SAN,Mayo 2026 - Primera vuelta,Voto en blanco,8697
NORTE DE SAN,Junio 2026 - Segunda vuelta proyectada,Voto en blanco,18378
NORTE DE SAN,Mayo 2026 - Primera vuelta,Votos nulos,5426
NORTE DE SAN,Junio 2026 - Segunda vuelta proyectada,Votos nulos,0
NORTE DE SAN,Mayo 2026 - Primera vuelta,Votos no marcados,1090
NORTE DE SAN,Junio 2026 - Segunda vuelta proyectada,Votos no marcados,0
PUTUMAYO,Mayo 2026 - Primera vuelta,Potencial,263450
PUTUMAYO,Junio 2026 - Segunda vuelta proyectada,Potencial,263450
PUTUMAYO,Mayo 2026 - Primera vuelta,Sufragantes,134494
PUTUMAYO,Junio 2026 - Segunda vuelta proyectada,Sufragantes,138446
PUTUMAYO,Mayo 2026 - Primera vuelta,Votos válidos,132301
PUTUMAYO,Junio 2026 - Segunda vuelta proyectada,Votos válidos,136440
PUTUMAYO,Mayo 2026 - Primera vuelta,Votos por candidatos,129364
PUTUMAYO,Junio 2026 - Segunda vuelta proyectada,Votos por candidatos,131765
PUTUMAYO,Mayo 2026 - Primera vuelta,Voto en blanco,2937
PUTUMAYO,Junio 2026 - Segunda vuelta proyectada,Voto en blanco,4675
PUTUMAYO,Mayo 2026 - Primera vuelta,Votos nulos,1702
PUTUMAYO,Junio 2026 - Segunda vuelta proyectada,Votos nulos,1339
PUTUMAYO,Mayo 2026 - Primera vuelta,Votos no marcados,491
PUTUMAYO,Junio 2026 - Segunda vuelta proyectada,Votos no marcados,667
QUINDIO,Mayo 2026 - Primera vuelta,Potencial,504934
QUINDIO,Junio 2026 - Segunda vuelta proyectada,Potencial,504934
QUINDIO,Mayo 2026 - Primera vuelta,Sufragantes,298948
QUINDIO,Junio 2026 - Segunda vuelta proyectada,Sufragantes,281072
QUINDIO,Mayo 2026 - Primera vuelta,Votos válidos,293554
QUINDIO,Junio 2026 - Segunda vuelta proyectada,Votos válidos,275510
QUINDIO,Mayo 2026 - Primera vuelta,Votos por candidatos,287953
QUINDIO,Junio 2026 - Segunda vuelta proyectada,Votos por candidatos,260876
QUINDIO,Mayo 2026 - Primera vuelta,Voto en blanco,5601
QUINDIO,Junio 2026 - Segunda vuelta proyectada,Voto en blanco,14634
QUINDIO,Mayo 2026 - Primera vuelta,Votos nulos,4728
QUINDIO,Junio 2026 - Segunda vuelta proyectada,Votos nulos,4591
QUINDIO,Mayo 2026 - Primera vuelta,Votos no marcados,666
QUINDIO,Junio 2026 - Segunda vuelta proyectada,Votos no marcados,971
RISARALDA,Mayo 2026 - Primera vuelta,Potencial,878829
RISARALDA,Junio 2026 - Segunda vuelta proyectada,Potencial,878829
RISARALDA,Mayo 2026 - Primera vuelta,Sufragantes,515679
RISARALDA,Junio 2026 - Segunda vuelta proyectada,Sufragantes,497547
RISARALDA,Mayo 2026 - Primera vuelta,Votos válidos,505941
RISARALDA,Junio 2026 - Segunda vuelta proyectada,Votos válidos,493037
RISARALDA,Mayo 2026 - Primera vuelta,Votos por candidatos,495484
RISARALDA,Junio 2026 - Segunda vuelta proyectada,Votos por candidatos,470391
RISARALDA,Mayo 2026 - Primera vuelta,Voto en blanco,10457
RISARALDA,Junio 2026 - Segunda vuelta proyectada,Voto en blanco,22646
RISARALDA,Mayo 2026 - Primera vuelta,Votos nulos,8216
RISARALDA,Junio 2026 - Segunda vuelta proyectada,Votos nulos,3505
RISARALDA,Mayo 2026 - Primera vuelta,Votos no marcados,1522
RISARALDA,Junio 2026 - Segunda vuelta proyectada,Votos no marcados,1005
SAN ANDRES,Mayo 2026 - Primera vuelta,Potencial,53790
SAN ANDRES,Junio 2026 - Segunda vuelta proyectada,Potencial,53790
SAN ANDRES,Mayo 2026 - Primera vuelta,Sufragantes,18117
SAN ANDRES,Junio 2026 - Segunda vuelta proyectada,Sufragantes,18462
SAN ANDRES,Mayo 2026 - Primera vuelta,Votos válidos,18000
SAN ANDRES,Junio 2026 - Segunda vuelta proyectada,Votos válidos,18372
SAN ANDRES,Mayo 2026 - Primera vuelta,Votos por candidatos,17331
SAN ANDRES,Junio 2026 - Segunda vuelta proyectada,Votos por candidatos,17352
SAN ANDRES,Mayo 2026 - Primera vuelta,Voto en blanco,669
SAN ANDRES,Junio 2026 - Segunda vuelta proyectada,Voto en blanco,1020
SAN ANDRES,Mayo 2026 - Primera vuelta,Votos nulos,86
SAN ANDRES,Junio 2026 - Segunda vuelta proyectada,Votos nulos,56
SAN ANDRES,Mayo 2026 - Primera vuelta,Votos no marcados,31
SAN ANDRES,Junio 2026 - Segunda vuelta proyectada,Votos no marcados,34
SANTANDER,Mayo 2026 - Primera vuelta,Potencial,1861932
SANTANDER,Junio 2026 - Segunda vuelta proyectada,Potencial,1861932
SANTANDER,Mayo 2026 - Primera vuelta,Sufragantes,1210680
SANTANDER,Junio 2026 - Segunda vuelta proyectada,Sufragantes,1171009
SANTANDER,Mayo 2026 - Primera vuelta,Votos válidos,1199031
SANTANDER,Junio 2026 - Segunda vuelta proyectada,Votos válidos,1170375
SANTANDER,Mayo 2026 - Primera vuelta,Votos por candidatos,1181043
SANTANDER,Junio 2026 - Segunda vuelta proyectada,Votos por candidatos,1134741
SANTANDER,Mayo 2026 - Primera vuelta,Voto en blanco,17988
SANTANDER,Junio 2026 - Segunda vuelta proyectada,Voto en blanco,35634
SANTANDER,Mayo 2026 - Primera vuelta,Votos nulos,10100
SANTANDER,Junio 2026 - Segunda vuelta proyectada,Votos nulos,516
SANTANDER,Mayo 2026 - Primera vuelta,Votos no marcados,1549
SANTANDER,Junio 2026 - Segunda vuelta proyectada,Votos no marcados,118
SUCRE,Mayo 2026 - Primera vuelta,Potencial,761233
SUCRE,Junio 2026 - Segunda vuelta proyectada,Potencial,761233
SUCRE,Mayo 2026 - Primera vuelta,Sufragantes,404305
SUCRE,Junio 2026 - Segunda vuelta proyectada,Sufragantes,454087
SUCRE,Mayo 2026 - Primera vuelta,Votos válidos,400478
SUCRE,Junio 2026 - Segunda vuelta proyectada,Votos válidos,451962
SUCRE,Mayo 2026 - Primera vuelta,Votos por candidatos,395445
SUCRE,Junio 2026 - Segunda vuelta proyectada,Votos por candidatos,444337
SUCRE,Mayo 2026 - Primera vuelta,Voto en blanco,5033
SUCRE,Junio 2026 - Segunda vuelta proyectada,Voto en blanco,7625
SUCRE,Mayo 2026 - Primera vuelta,Votos nulos,2682
SUCRE,Junio 2026 - Segunda vuelta proyectada,Votos nulos,1583
SUCRE,Mayo 2026 - Primera vuelta,Votos no marcados,1145
SUCRE,Junio 2026 - Segunda vuelta proyectada,Votos no marcados,542
TOLIMA,Mayo 2026 - Primera vuelta,Potencial,1170701
TOLIMA,Junio 2026 - Segunda vuelta proyectada,Potencial,1170701
TOLIMA,Mayo 2026 - Primera vuelta,Sufragantes,683249
TOLIMA,Junio 2026 - Segunda vuelta proyectada,Sufragantes,659923
TOLIMA,Mayo 2026 - Primera vuelta,Votos válidos,672211
TOLIMA,Junio 2026 - Segunda vuelta proyectada,Votos válidos,651117
TOLIMA,Mayo 2026 - Primera vuelta,Votos por candidatos,660453
TOLIMA,Junio 2026 - Segunda vuelta proyectada,Votos por candidatos,629114
TOLIMA,Mayo 2026 - Primera vuelta,Voto en blanco,11758
TOLIMA,Junio 2026 - Segunda vuelta proyectada,Voto en blanco,22003
TOLIMA,Mayo 2026 - Primera vuelta,Votos nulos,9281
TOLIMA,Junio 2026 - Segunda vuelta proyectada,Votos nulos,6972
TOLIMA,Mayo 2026 - Primera vuelta,Votos no marcados,1757
TOLIMA,Junio 2026 - Segunda vuelta proyectada,Votos no marcados,1834
VALLE,Mayo 2026 - Primera vuelta,Potencial,3793190
VALLE,Junio 2026 - Segunda vuelta proyectada,Potencial,3793190
VALLE,Mayo 2026 - Primera vuelta,Sufragantes,2133237
VALLE,Junio 2026 - Segunda vuelta proyectada,Sufragantes,2103142
VALLE,Mayo 2026 - Primera vuelta,Votos válidos,2106201
VALLE,Junio 2026 - Segunda vuelta proyectada,Votos válidos,2103142
VALLE,Mayo 2026 - Primera vuelta,Votos por candidatos,2066204
VALLE,Junio 2026 - Segunda vuelta proyectada,Votos por candidatos,2033034
VALLE,Mayo 2026 - Primera vuelta,Voto en blanco,39997
VALLE,Junio 2026 - Segunda vuelta proyectada,Voto en blanco,70108
VALLE,Mayo 2026 - Primera vuelta,Votos nulos,23275
VALLE,Junio 2026 - Segunda vuelta proyectada,Votos nulos,0
VALLE,Mayo 2026 - Primera vuelta,Votos no marcados,3761
VALLE,Junio 2026 - Segunda vuelta proyectada,Votos no marcados,0
VAUPES,Mayo 2026 - Primera vuelta,Potencial,26110
VAUPES,Junio 2026 - Segunda vuelta proyectada,Potencial,26110
VAUPES,Mayo 2026 - Primera vuelta,Sufragantes,9254
VAUPES,Junio 2026 - Segunda vuelta proyectada,Sufragantes,10371
VAUPES,Mayo 2026 - Primera vuelta,Votos válidos,9178
VAUPES,Junio 2026 - Segunda vuelta proyectada,Votos válidos,9983
VAUPES,Mayo 2026 - Primera vuelta,Votos por candidatos,9037
VAUPES,Junio 2026 - Segunda vuelta proyectada,Votos por candidatos,9730
VAUPES,Mayo 2026 - Primera vuelta,Voto en blanco,141
VAUPES,Junio 2026 - Segunda vuelta proyectada,Voto en blanco,253
VAUPES,Mayo 2026 - Primera vuelta,Votos nulos,46
VAUPES,Junio 2026 - Segunda vuelta proyectada,Votos nulos,197
VAUPES,Mayo 2026 - Primera vuelta,Votos no marcados,30
VAUPES,Junio 2026 - Segunda vuelta proyectada,Votos no marcados,191
VICHADA,Mayo 2026 - Primera vuelta,Potencial,57355
VICHADA,Junio 2026 - Segunda vuelta proyectada,Potencial,57355
VICHADA,Mayo 2026 - Primera vuelta,Sufragantes,21571
VICHADA,Junio 2026 - Segunda vuelta proyectada,Sufragantes,24085
VICHADA,Mayo 2026 - Primera vuelta,Votos válidos,21307
VICHADA,Junio 2026 - Segunda vuelta proyectada,Votos válidos,23217
VICHADA,Mayo 2026 - Primera vuelta,Votos por candidatos,20973
VICHADA,Junio 2026 - Segunda vuelta proyectada,Votos por candidatos,22685
VICHADA,Mayo 2026 - Primera vuelta,Voto en blanco,334
VICHADA,Junio 2026 - Segunda vuelta proyectada,Voto en blanco,532
VICHADA,Mayo 2026 - Primera vuelta,Votos nulos,169
VICHADA,Junio 2026 - Segunda vuelta proyectada,Votos nulos,496
VICHADA,Mayo 2026 - Primera vuelta,Votos no marcados,95
VICHADA,Junio 2026 - Segunda vuelta proyectada,Votos no marcados,372
