departamento,partido,candidato,votos,codigo_candidato,nombre_candidato,tipo_registro,estado_primera_vuelta,bloque_referencia_2v,departamento_nombre,potencial,municipios,puestos,mesas,total_votos_mmv,votos_validos,pct_validos,pct_total_mmv,abstencion_estimada_depto
1,0,996,60539,996,VOTO EN BLANCO,VOTO_EN_BLANCO,NO_APLICA,INDEFINIDO,ANTIOQUIA,5335544,125,707,15471,3209520,3170236,0.019096054678579135,0.018862322091776962,2126024
1,0,997,31097,997,VOTO NULO,VOTO_NULO,NO_APLICA,INDEFINIDO,ANTIOQUIA,5335544,125,707,15471,3209520,3170236,,0.009688987761409806,2126024
1,0,998,8187,998,NO MARCADOS,NO_MARCADO,NO_APLICA,INDEFINIDO,ANTIOQUIA,5335544,125,707,15471,3209520,3170236,,0.002550848725042997,2126024
1,9,11,294322,011,PALOMA VALENCIA,CANDIDATO,ELIMINADO,ABELARDO,ANTIOQUIA,5335544,125,707,15471,3209520,3170236,0.092839145098346,0.09170280914280017,2126024
1,15,12,225072,012,SERGIO FAJARDO,CANDIDATO,ELIMINADO,DIVIDIDO,ANTIOQUIA,5335544,125,707,15471,3209520,3170236,0.07099534545693129,0.07012637403723922,2126024
1,20,6,4414,006,MIGUEL URIBE,CANDIDATO,ELIMINADO,ABELARDO,ANTIOQUIA,5335544,125,707,15471,3209520,3170236,0.0013923253663134228,0.001375283531493806,2126024
1,21,10,755,010,GUSTAVO MATAMORROS,CANDIDATO,ELIMINADO,INCIERTO,ANTIOQUIA,5335544,125,707,15471,3209520,3170236,0.00023815261702914232,0.00023523766793788478,2126024
1,22,8,1948,008,ROY BARRERAS,CANDIDATO,ELIMINADO,CEPEDA,ANTIOQUIA,5335544,125,707,15471,3209520,3170236,0.0006144652953281711,0.0006069443405867544,2126024
1,26,1,805652,001,IVAN CEPEDA,CANDIDATO,PASA_A_SEGUNDA,CEPEDA,ANTIOQUIA,5335544,125,707,15471,3209520,3170236,0.25412997644339413,0.2510194670854209,2126024
1,1001,3,30271,003,SANTIAGO BOTERO,CANDIDATO,ELIMINADO,INCIERTO,ANTIOQUIA,5335544,125,707,15471,3209520,3170236,0.009548500490184327,0.009431628405493657,2126024
1,1002,7,2783,007,SONDRA MACOLLINS,CANDIDATO,ELIMINADO,INCIERTO,ANTIOQUIA,5335544,125,707,15471,3209520,3170236,0.0008778526267445074,0.0008671078541339515,2126024
1,1003,4,1723406,004,ABELARDO DE LA ESPRIELLA,CANDIDATO,PASA_A_SEGUNDA,ABELARDO,ANTIOQUIA,5335544,125,707,15471,3209520,3170236,0.5436207272897033,0.5369668984770308,2126024
1,1004,2,13482,002,CLAUDIA LOPEZ,CANDIDATO,ELIMINADO,CEPEDA,ANTIOQUIA,5335544,125,707,15471,3209520,3170236,0.00425268024210185,0.0042006281313093545,2126024
1,1005,13,1768,013,LUIS GILBERTO MURILLO,CANDIDATO,ELIMINADO,CEPEDA,ANTIOQUIA,5335544,125,707,15471,3209520,3170236,0.0005576871879569849,0.0005508611879658017,2126024
1,1006,9,1282,009,CARLOS CAICEDO,CANDIDATO,ELIMINADO,CEPEDA,ANTIOQUIA,5335544,125,707,15471,3209520,3170236,0.00040438629805478204,0.00039943667588922954,2126024
1,3001,5,4542,005,MAURICIO LIZCANO,CANDIDATO,ELIMINADO,CEPEDA,ANTIOQUIA,5335544,125,707,15471,3209520,3170236,0.001432700909332933,0.0014151648844687055,2126024
3,0,996,12333,996,VOTO EN BLANCO,VOTO_EN_BLANCO,NO_APLICA,INDEFINIDO,ATLANTICO,2129515,23,99,6190,1060147,1053684,0.011704647693236302,0.011633292364172139,1069368
3,0,997,4735,997,VOTO NULO,VOTO_NULO,NO_APLICA,INDEFINIDO,ATLANTICO,2129515,23,99,6190,1060147,1053684,,0.004466361740400152,1069368
3,0,998,1728,998,NO MARCADOS,NO_MARCADO,NO_APLICA,INDEFINIDO,ATLANTICO,2129515,23,99,6190,1060147,1053684,,0.0016299626372569087,1069368
3,9,11,20940,011,PALOMA VALENCIA,CANDIDATO,ELIMINADO,ABELARDO,ATLANTICO,2129515,23,99,6190,1060147,1053684,0.019873130843782387,0.01975197779175907,1069368
3,15,12,27808,012,SERGIO FAJARDO,CANDIDATO,ELIMINADO,DIVIDIDO,ATLANTICO,2129515,23,99,6190,1060147,1053684,0.026391214064178634,0.026230324662523216,1069368
3,20,6,606,006,MIGUEL URIBE,CANDIDATO,ELIMINADO,ABELARDO,ATLANTICO,2129515,23,99,6190,1060147,1053684,0.0005751249900349631,0.0005716188415380131,1069368
3,21,10,230,010,GUSTAVO MATAMORROS,CANDIDATO,ELIMINADO,INCIERTO,ATLANTICO,2129515,23,99,6190,1060147,1053684,0.00021828176189445792,0.0002169510454682228,1069368
3,22,8,305,008,ROY BARRERAS,CANDIDATO,ELIMINADO,CEPEDA,ATLANTICO,2129515,23,99,6190,1060147,1053684,0.0002894605972948246,0.000287695951599165,1069368
3,26,1,549193,001,IVAN CEPEDA,CANDIDATO,PASA_A_SEGUNDA,CEPEDA,ATLANTICO,2129515,23,99,6190,1060147,1053684,0.5212122420004479,0.5180347631036073,1069368
3,1001,3,3296,003,SANTIAGO BOTERO,CANDIDATO,ELIMINADO,INCIERTO,ATLANTICO,2129515,23,99,6190,1060147,1053684,0.003128072553061449,0.0031090028081011407,1069368
3,1002,7,508,007,SONDRA MACOLLINS,CANDIDATO,ELIMINADO,INCIERTO,ATLANTICO,2129515,23,99,6190,1060147,1053684,0.00048211797844515054,0.00047917883086024863,1069368
3,1003,4,432784,004,ABELARDO DE LA ESPRIELLA,CANDIDATO,PASA_A_SEGUNDA,ABELARDO,ATLANTICO,2129515,23,99,6190,1060147,1053684,0.4107341479988308,0.4082301793996493,1069368
3,1004,2,2684,002,CLAUDIA LOPEZ,CANDIDATO,ELIMINADO,CEPEDA,ATLANTICO,2129515,23,99,6190,1060147,1053684,0.002547253256194457,0.002531724374072652,1069368
3,1005,13,308,013,LUIS GILBERTO MURILLO,CANDIDATO,ELIMINADO,CEPEDA,ATLANTICO,2129515,23,99,6190,1060147,1053684,0.0002923077507108393,0.0002905257478444027,1069368
3,1006,9,625,009,CARLOS CAICEDO,CANDIDATO,ELIMINADO,CEPEDA,ATLANTICO,2129515,23,99,6190,1060147,1053684,0.0005931569616697227,0.0005895408844245185,1069368
3,3001,5,2064,005,MAURICIO LIZCANO,CANDIDATO,ELIMINADO,CEPEDA,ATLANTICO,2129515,23,99,6190,1060147,1053684,0.001958841550218092,0.00194689981672353,1069368
5,0,996,13281,996,VOTO EN BLANCO,VOTO_EN_BLANCO,NO_APLICA,INDEFINIDO,BOLIVAR,1791159,46,476,5355,827020,820699,0.016182546828983586,0.01605886193804261,964139
5,0,997,4542,997,VOTO NULO,VOTO_NULO,NO_APLICA,INDEFINIDO,BOLIVAR,1791159,46,476,5355,827020,820699,,0.005492007448429301,964139
5,0,998,1779,998,NO MARCADOS,NO_MARCADO,NO_APLICA,INDEFINIDO,BOLIVAR,1791159,46,476,5355,827020,820699,,0.002151096708664845,964139
5,9,11,23822,011,PALOMA VALENCIA,CANDIDATO,ELIMINADO,ABELARDO,BOLIVAR,1791159,46,476,5355,827020,820699,0.02902647621113222,0.02880462383013712,964139
5,15,12,15690,012,SERGIO FAJARDO,CANDIDATO,ELIMINADO,DIVIDIDO,BOLIVAR,1791159,46,476,5355,827020,820699,0.019117849540452713,0.018971729825155378,964139
5,20,6,912,006,MIGUEL URIBE,CANDIDATO,ELIMINADO,ABELARDO,BOLIVAR,1791159,46,476,5355,827020,820699,0.0011112478509173278,0.0011027544678484196,964139
5,21,10,189,010,GUSTAVO MATAMORROS,CANDIDATO,ELIMINADO,INCIERTO,BOLIVAR,1791159,46,476,5355,827020,820699,0.00023029149542036728,0.00022853135353437644,964139
5,22,8,431,008,ROY BARRERAS,CANDIDATO,ELIMINADO,CEPEDA,BOLIVAR,1791159,46,476,5355,827020,820699,0.0005251620874400967,0.0005211482189064351,964139
5,26,1,443226,001,IVAN CEPEDA,CANDIDATO,PASA_A_SEGUNDA,CEPEDA,BOLIVAR,1791159,46,476,5355,827020,820699,0.5400591447046968,0.5359314164107277,964139
5,1001,3,4167,003,SANTIAGO BOTERO,CANDIDATO,ELIMINADO,INCIERTO,BOLIVAR,1791159,46,476,5355,827020,820699,0.005077379160934765,0.005038572223162681,964139
5,1002,7,569,007,SONDRA MACOLLINS,CANDIDATO,ELIMINADO,INCIERTO,BOLIVAR,1791159,46,476,5355,827020,820699,0.0006933114333025872,0.0006880123818045513,964139
5,1003,4,312574,004,ABELARDO DE LA ESPRIELLA,CANDIDATO,PASA_A_SEGUNDA,ABELARDO,BOLIVAR,1791159,46,476,5355,827020,820699,0.3808631422726237,0.37795216560663586,964139
5,1004,2,2343,002,CLAUDIA LOPEZ,CANDIDATO,ELIMINADO,CEPEDA,BOLIVAR,1791159,46,476,5355,827020,820699,0.0028548834591001085,0.0028330632874658413,964139
5,1005,13,332,013,LUIS GILBERTO MURILLO,CANDIDATO,ELIMINADO,CEPEDA,BOLIVAR,1791159,46,476,5355,827020,820699,0.00040453320888657107,0.0004014413194360475,964139
5,1006,9,532,009,CARLOS CAICEDO,CANDIDATO,ELIMINADO,CEPEDA,BOLIVAR,1791159,46,476,5355,827020,820699,0.0006482279130351078,0.0006432734395782448,964139
5,3001,5,2631,005,MAURICIO LIZCANO,CANDIDATO,ELIMINADO,CEPEDA,BOLIVAR,1791159,46,476,5355,827020,820699,0.0032058038330740014,0.0031813015404706054,964139
7,0,996,10340,996,VOTO EN BLANCO,VOTO_EN_BLANCO,NO_APLICA,INDEFINIDO,BOYACA,1039293,123,351,3126,677633,669162,0.01545216255555456,0.015258997126763306,361660
7,0,997,7362,997,VOTO NULO,VOTO_NULO,NO_APLICA,INDEFINIDO,BOYACA,1039293,123,351,3126,677633,669162,,0.010864287896250626,361660
7,0,998,1109,998,NO MARCADOS,NO_MARCADO,NO_APLICA,INDEFINIDO,BOYACA,1039293,123,351,3126,677633,669162,,0.0016365790922224861,361660
7,9,11,57602,011,PALOMA VALENCIA,CANDIDATO,ELIMINADO,ABELARDO,BOYACA,1039293,123,351,3126,677633,669162,0.0860807995672199,0.08500471494156867,361660
7,15,12,28853,012,SERGIO FAJARDO,CANDIDATO,ELIMINADO,DIVIDIDO,BOYACA,1039293,123,351,3126,677633,669162,0.043118108918318736,0.042579095173936335,361660
7,20,6,937,006,MIGUEL URIBE,CANDIDATO,ELIMINADO,ABELARDO,BOYACA,1039293,123,351,3126,677633,669162,0.0014002588311948377,0.0013827543817966363,361660
7,21,10,151,010,GUSTAVO MATAMORROS,CANDIDATO,ELIMINADO,INCIERTO,BOYACA,1039293,123,351,3126,677633,669162,0.00022565537194281802,0.00022283448415292642,361660
7,22,8,436,008,ROY BARRERAS,CANDIDATO,ELIMINADO,CEPEDA,BOYACA,1039293,123,351,3126,677633,669162,0.0006515612064044282,0.0006434161264283174,361660
7,26,1,216425,001,IVAN CEPEDA,CANDIDATO,PASA_A_SEGUNDA,CEPEDA,BOYACA,1039293,123,351,3126,677633,669162,0.32342691306439997,0.31938379624368946,361660
7,1001,3,6083,003,SANTIAGO BOTERO,CANDIDATO,ELIMINADO,INCIERTO,BOYACA,1039293,123,351,3126,677633,669162,0.009090474354491139,0.00897683554372352,361660
7,1002,7,670,007,SONDRA MACOLLINS,CANDIDATO,ELIMINADO,INCIERTO,BOYACA,1039293,123,351,3126,677633,669162,0.0010012523125939607,0.0009887357906123227,361660
7,1003,4,337768,004,ABELARDO DE LA ESPRIELLA,CANDIDATO,PASA_A_SEGUNDA,ABELARDO,BOYACA,1039293,123,351,3126,677633,669162,0.5047626733137865,0.4984527022739447,361660
7,1004,2,8175,002,CLAUDIA LOPEZ,CANDIDATO,ELIMINADO,CEPEDA,BOYACA,1039293,123,351,3126,677633,669162,0.012216772620083029,0.012064052370530952,361660
7,1005,13,311,013,LUIS GILBERTO MURILLO,CANDIDATO,ELIMINADO,CEPEDA,BOYACA,1039293,123,351,3126,677633,669162,0.0004647604018160027,0.00045895049385139155,361660
7,1006,9,250,009,CARLOS CAICEDO,CANDIDATO,ELIMINADO,CEPEDA,BOYACA,1039293,123,351,3126,677633,669162,0.00037360160917685104,0.0003689312651538517,361660
7,3001,5,1161,005,MAURICIO LIZCANO,CANDIDATO,ELIMINADO,CEPEDA,BOYACA,1039293,123,351,3126,677633,669162,0.0017350058730172962,0.0017133167953744873,361660
9,0,996,9832,996,VOTO EN BLANCO,VOTO_EN_BLANCO,NO_APLICA,INDEFINIDO,CALDAS,828671,27,195,2492,502807,491259,0.020013882697314453,0.01955422259435529,325864
9,0,997,9719,997,VOTO NULO,VOTO_NULO,NO_APLICA,INDEFINIDO,CALDAS,828671,27,195,2492,502807,491259,,0.019329484275278586,325864
9,0,998,1829,998,NO MARCADOS,NO_MARCADO,NO_APLICA,INDEFINIDO,CALDAS,828671,27,195,2492,502807,491259,,0.0036375786335512434,325864
9,9,11,61889,011,PALOMA VALENCIA,CANDIDATO,ELIMINADO,ABELARDO,CALDAS,828671,27,195,2492,502807,491259,0.12598038916335375,0.12308698964016014,325864
9,15,12,26703,012,SERGIO FAJARDO,CANDIDATO,ELIMINADO,DIVIDIDO,CALDAS,828671,27,195,2492,502807,491259,0.05435625606859111,0.053107852515975315,325864
9,20,6,1098,006,MIGUEL URIBE,CANDIDATO,ELIMINADO,ABELARDO,CALDAS,828671,27,195,2492,502807,491259,0.0022350735559043193,0.0021837404809400027,325864
9,21,10,147,010,GUSTAVO MATAMORROS,CANDIDATO,ELIMINADO,INCIERTO,CALDAS,828671,27,195,2492,502807,491259,0.0002992311591238023,0.0002923586982679239,325864
9,22,8,468,008,ROY BARRERAS,CANDIDATO,ELIMINADO,CEPEDA,CALDAS,828671,27,195,2492,502807,491259,0.0009526543025165952,0.000930774631220329,325864
9,26,1,146202,001,IVAN CEPEDA,CANDIDATO,PASA_A_SEGUNDA,CEPEDA,CALDAS,828671,27,195,2492,502807,491259,0.29760676140284453,0.2907716081916123,325864
9,1001,3,6093,003,SANTIAGO BOTERO,CANDIDATO,ELIMINADO,INCIERTO,CALDAS,828671,27,195,2492,502807,491259,0.012402826207764133,0.01211796971800313,325864
9,1002,7,611,007,SONDRA MACOLLINS,CANDIDATO,ELIMINADO,INCIERTO,CALDAS,828671,27,195,2492,502807,491259,0.0012437431171744436,0.0012151779907598741,325864
9,1003,4,218852,004,ABELARDO DE LA ESPRIELLA,CANDIDATO,PASA_A_SEGUNDA,ABELARDO,CALDAS,828671,27,195,2492,502807,491259,0.4454920927657305,0.4352604478457937,325864
9,1004,2,4908,002,CLAUDIA LOPEZ,CANDIDATO,ELIMINADO,CEPEDA,CALDAS,828671,27,195,2492,502807,491259,0.009990656659725318,0.009761200619720887,325864
9,1005,13,359,013,LUIS GILBERTO MURILLO,CANDIDATO,ELIMINADO,CEPEDA,CALDAS,828671,27,195,2492,502807,491259,0.0007307754158193539,0.0007139916508720046,325864
9,1006,9,285,009,CARLOS CAICEDO,CANDIDATO,ELIMINADO,CEPEDA,CALDAS,828671,27,195,2492,502807,491259,0.0005801420431992086,0.0005668178843969953,325864
9,3001,5,13812,005,MAURICIO LIZCANO,CANDIDATO,ELIMINADO,CEPEDA,CALDAS,828671,27,195,2492,502807,491259,0.028115515440938488,0.027469784629092275,325864
11,0,996,16433,996,VOTO EN BLANCO,VOTO_EN_BLANCO,NO_APLICA,INDEFINIDO,CAUCA,1075975,42,752,3427,696829,677203,0.024265988189656574,0.023582543206439457,379146
11,0,997,15568,997,VOTO NULO,VOTO_NULO,NO_APLICA,INDEFINIDO,CAUCA,1075975,42,752,3427,696829,677203,,0.02234120566164726,379146
11,0,998,4058,998,NO MARCADOS,NO_MARCADO,NO_APLICA,INDEFINIDO,CAUCA,1075975,42,752,3427,696829,677203,,0.005823523418227427,379146
11,9,11,40343,011,PALOMA VALENCIA,CANDIDATO,ELIMINADO,ABELARDO,CAUCA,1075975,42,752,3427,696829,677203,0.059572978855675474,0.05789512204572427,379146
11,15,12,12037,012,SERGIO FAJARDO,CANDIDATO,ELIMINADO,DIVIDIDO,CAUCA,1075975,42,752,3427,696829,677203,0.017774581624712234,0.017273965348744095,379146
11,20,6,1220,006,MIGUEL URIBE,CANDIDATO,ELIMINADO,ABELARDO,CAUCA,1075975,42,752,3427,696829,677203,0.0018015277546023867,0.0017507882134641353,379146
11,21,10,256,010,GUSTAVO MATAMORROS,CANDIDATO,ELIMINADO,INCIERTO,CAUCA,1075975,42,752,3427,696829,677203,0.0003780254960477139,0.0003673785103662448,379146
11,22,8,741,008,ROY BARRERAS,CANDIDATO,ELIMINADO,CEPEDA,CAUCA,1075975,42,752,3427,696829,677203,0.0010942066116068595,0.0010633885788335444,379146
11,26,1,462794,001,IVAN CEPEDA,CANDIDATO,PASA_A_SEGUNDA,CEPEDA,CAUCA,1075975,42,752,3427,696829,677203,0.6833903571011942,0.6641428528376402,379146
11,1001,3,5177,003,SANTIAGO BOTERO,CANDIDATO,ELIMINADO,INCIERTO,CAUCA,1075975,42,752,3427,696829,677203,0.007644679660308652,0.007429369328773631,379146
11,1002,7,822,007,SONDRA MACOLLINS,CANDIDATO,ELIMINADO,INCIERTO,CAUCA,1075975,42,752,3427,696829,677203,0.0012138162412157064,0.0011796294356291141,379146
11,1003,4,131175,004,ABELARDO DE LA ESPRIELLA,CANDIDATO,PASA_A_SEGUNDA,ABELARDO,CAUCA,1075975,42,752,3427,696829,677203,0.19370115017210496,0.1882456097550475,379146
11,1004,2,3988,002,CLAUDIA LOPEZ,CANDIDATO,ELIMINADO,CEPEDA,CAUCA,1075975,42,752,3427,696829,677203,0.0058889284306182935,0.0057230683567991575,379146
11,1005,13,559,013,LUIS GILBERTO MURILLO,CANDIDATO,ELIMINADO,CEPEDA,CAUCA,1075975,42,752,3427,696829,677203,0.0008254541105104378,0.0008022054191200423,379146
11,1006,9,402,009,CARLOS CAICEDO,CANDIDATO,ELIMINADO,CEPEDA,CAUCA,1075975,42,752,3427,696829,677203,0.0005936181617624258,0.0005768990670594938,379146
11,3001,5,1256,005,MAURICIO LIZCANO,CANDIDATO,ELIMINADO,CEPEDA,CAUCA,1075975,42,752,3427,696829,677203,0.0018546875899840963,0.0018024508164843885,379146
12,0,996,7105,996,VOTO EN BLANCO,VOTO_EN_BLANCO,NO_APLICA,INDEFINIDO,CESAR,929139,25,244,2754,488601,482856,0.014714531868714482,0.014541517516337461,440538
12,0,997,4679,997,VOTO NULO,VOTO_NULO,NO_APLICA,INDEFINIDO,CESAR,929139,25,244,2754,488601,482856,,0.00957632096536847,440538
12,0,998,1066,998,NO MARCADOS,NO_MARCADO,NO_APLICA,INDEFINIDO,CESAR,929139,25,244,2754,488601,482856,,0.0021817392923878585,440538
12,9,11,11898,011,PALOMA VALENCIA,CANDIDATO,ELIMINADO,ABELARDO,CESAR,929139,25,244,2754,488601,482856,0.024640886723992245,0.024351157693086996,440538
12,15,12,8174,012,SERGIO FAJARDO,CANDIDATO,ELIMINADO,DIVIDIDO,CESAR,929139,25,244,2754,488601,482856,0.016928442434183275,0.01672939678797219,440538
12,20,6,370,006,MIGUEL URIBE,CANDIDATO,ELIMINADO,ABELARDO,CESAR,929139,25,244,2754,488601,482856,0.0007662740030153917,0.0007572641071139846,440538
12,21,10,85,010,GUSTAVO MATAMORROS,CANDIDATO,ELIMINADO,INCIERTO,CESAR,929139,25,244,2754,488601,482856,0.00017603591961164405,0.0001739660786613208,440538
12,22,8,173,008,ROY BARRERAS,CANDIDATO,ELIMINADO,CEPEDA,CESAR,929139,25,244,2754,488601,482856,0.00035828487168016967,0.0003540721365695117,440538
12,26,1,224457,001,IVAN CEPEDA,CANDIDATO,PASA_A_SEGUNDA,CEPEDA,CESAR,929139,25,244,2754,488601,482856,0.46485287539142106,0.45938710727157744,440538
12,1001,3,4033,003,SANTIAGO BOTERO,CANDIDATO,ELIMINADO,INCIERTO,CESAR,929139,25,244,2754,488601,482856,0.00835238663286777,0.008254178767542432,440538
12,1002,7,241,007,SONDRA MACOLLINS,CANDIDATO,ELIMINADO,INCIERTO,CESAR,929139,25,244,2754,488601,482856,0.0004991136073694849,0.0004932449994985683,440538
12,1003,4,223840,004,ABELARDO DE LA ESPRIELLA,CANDIDATO,PASA_A_SEGUNDA,ABELARDO,CESAR,929139,25,244,2754,488601,482856,0.4635750617161224,0.45812431820647115,440538
12,1004,2,1132,002,CLAUDIA LOPEZ,CANDIDATO,ELIMINADO,CEPEDA,CESAR,929139,25,244,2754,488601,482856,0.0023443842470633066,0.0023168188358190017,440538
12,1005,13,121,013,LUIS GILBERTO MURILLO,CANDIDATO,ELIMINADO,CEPEDA,CESAR,929139,25,244,2754,488601,482856,0.0002505923090942227,0.00024764582962376254,440538
12,1006,9,319,009,CARLOS CAICEDO,CANDIDATO,ELIMINADO,CEPEDA,CESAR,929139,25,244,2754,488601,482856,0.0006606524512484054,0.0006528844599171922,440538
12,3001,5,908,005,MAURICIO LIZCANO,CANDIDATO,ELIMINADO,CEPEDA,CESAR,929139,25,244,2754,488601,482856,0.0018804778236161505,0.0018583670520526973,440538
13,0,996,9605,996,VOTO EN BLANCO,VOTO_EN_BLANCO,NO_APLICA,INDEFINIDO,CORDOBA,1394973,30,479,4180,711571,705432,0.013615770194717563,0.013498301645232871,683402
13,0,997,4168,997,VOTO NULO,VOTO_NULO,NO_APLICA,INDEFINIDO,CORDOBA,1394973,30,479,4180,711571,705432,,0.005857461869581531,683402
13,0,998,1971,998,NO MARCADOS,NO_MARCADO,NO_APLICA,INDEFINIDO,CORDOBA,1394973,30,479,4180,711571,705432,,0.0027699273860233202,683402
13,9,11,19401,011,PALOMA VALENCIA,CANDIDATO,ELIMINADO,ABELARDO,CORDOBA,1394973,30,479,4180,711571,705432,0.027502296465144762,0.027265023448116914,683402
13,15,12,8325,012,SERGIO FAJARDO,CANDIDATO,ELIMINADO,DIVIDIDO,CORDOBA,1394973,30,479,4180,711571,705432,0.011801279216139897,0.01169946498662818,683402
13,20,6,527,006,MIGUEL URIBE,CANDIDATO,ELIMINADO,ABELARDO,CORDOBA,1394973,30,479,4180,711571,705432,0.0007470599575862734,0.0007406147805349009,683402
13,21,10,105,010,GUSTAVO MATAMORROS,CANDIDATO,ELIMINADO,INCIERTO,CORDOBA,1394973,30,479,4180,711571,705432,0.00014884496308644916,0.00014756081965116622,683402
13,22,8,333,008,ROY BARRERAS,CANDIDATO,ELIMINADO,CEPEDA,CORDOBA,1394973,30,479,4180,711571,705432,0.0004720511686455959,0.00046797859946512714,683402
13,26,1,391880,001,IVAN CEPEDA,CANDIDATO,PASA_A_SEGUNDA,CEPEDA,CORDOBA,1394973,30,479,4180,711571,705432,0.5555177536601685,0.550725085760943,683402
13,1001,3,2925,003,SANTIAGO BOTERO,CANDIDATO,ELIMINADO,INCIERTO,CORDOBA,1394973,30,479,4180,711571,705432,0.004146395400265369,0.004110622833139631,683402
13,1002,7,463,007,SONDRA MACOLLINS,CANDIDATO,ELIMINADO,INCIERTO,CORDOBA,1394973,30,479,4180,711571,705432,0.0006563354086573901,0.0006506729476046663,683402
13,1003,4,268604,004,ABELARDO DE LA ESPRIELLA,CANDIDATO,PASA_A_SEGUNDA,ABELARDO,CORDOBA,1394973,30,479,4180,711571,705432,0.3807652615702151,0.37748025144363667,683402
13,1004,2,1596,002,CLAUDIA LOPEZ,CANDIDATO,ELIMINADO,CEPEDA,CORDOBA,1394973,30,479,4180,711571,705432,0.0022624434389140274,0.0022429244586977264,683402
13,1005,13,222,013,LUIS GILBERTO MURILLO,CANDIDATO,ELIMINADO,CEPEDA,CORDOBA,1394973,30,479,4180,711571,705432,0.00031470077909706394,0.0003119857329767514,683402
13,1006,9,240,009,CARLOS CAICEDO,CANDIDATO,ELIMINADO,CEPEDA,CORDOBA,1394973,30,479,4180,711571,705432,0.00034021705848331235,0.0003372818734883799,683402
13,3001,5,1206,005,MAURICIO LIZCANO,CANDIDATO,ELIMINADO,CEPEDA,CORDOBA,1394973,30,479,4180,711571,705432,0.0017095907188786445,0.0016948414142791092,683402
15,0,996,29877,996,VOTO EN BLANCO,VOTO_EN_BLANCO,NO_APLICA,INDEFINIDO,CUNDINAMARCA,2335305,116,458,6916,1625534,1601011,0.018661333369976846,0.018379806266740652,709771
15,0,997,22430,997,VOTO NULO,VOTO_NULO,NO_APLICA,INDEFINIDO,CUNDINAMARCA,2335305,116,458,6916,1625534,1601011,,0.013798542509722959,709771
15,0,998,2093,998,NO MARCADOS,NO_MARCADO,NO_APLICA,INDEFINIDO,CUNDINAMARCA,2335305,116,458,6916,1625534,1601011,,0.001287576882427559,709771
15,9,11,123140,011,PALOMA VALENCIA,CANDIDATO,ELIMINADO,ABELARDO,CUNDINAMARCA,2335305,116,458,6916,1625534,1601011,0.0769139000294189,0.07575356775065917,709771
15,15,12,71750,012,SERGIO FAJARDO,CANDIDATO,ELIMINADO,DIVIDIDO,CUNDINAMARCA,2335305,116,458,6916,1625534,1601011,0.04481543224874782,0.04413934128723238,709771
15,20,6,2392,006,MIGUEL URIBE,CANDIDATO,ELIMINADO,ABELARDO,CUNDINAMARCA,2335305,116,458,6916,1625534,1601011,0.0014940559434007635,0.0014715164370600676,709771
15,21,10,359,010,GUSTAVO MATAMORROS,CANDIDATO,ELIMINADO,INCIERTO,CUNDINAMARCA,2335305,116,458,6916,1625534,1601011,0.00022423331257561628,0.00022085050205040312,709771
15,22,8,910,008,ROY BARRERAS,CANDIDATO,ELIMINADO,CEPEDA,CUNDINAMARCA,2335305,116,458,6916,1625534,1601011,0.0005683908480328992,0.0005598160358380693,709771
15,26,1,600032,001,IVAN CEPEDA,CANDIDATO,PASA_A_SEGUNDA,CEPEDA,CUNDINAMARCA,2335305,116,458,6916,1625534,1601011,0.37478318387568854,0.3691291600175696,709771
15,1001,3,15499,003,SANTIAGO BOTERO,CANDIDATO,ELIMINADO,INCIERTO,CUNDINAMARCA,2335305,116,458,6916,1625534,1601011,0.009680757971057039,0.009534712900499159,709771
15,1002,7,1439,007,SONDRA MACOLLINS,CANDIDATO,ELIMINADO,INCIERTO,CUNDINAMARCA,2335305,116,458,6916,1625534,1601011,0.0008988070662849912,0.0008852475555725073,709771
15,1003,4,724083,004,ABELARDO DE LA ESPRIELLA,CANDIDATO,PASA_A_SEGUNDA,ABELARDO,CUNDINAMARCA,2335305,116,458,6916,1625534,1601011,0.45226609935846784,0.4454431589865238,709771
15,1004,2,26925,002,CLAUDIA LOPEZ,CANDIDATO,ELIMINADO,CEPEDA,CUNDINAMARCA,2335305,116,458,6916,1625534,1601011,0.016817498443171222,0.016563787653780235,709771
15,1005,13,969,013,LUIS GILBERTO MURILLO,CANDIDATO,ELIMINADO,CEPEDA,CUNDINAMARCA,2335305,116,458,6916,1625534,1601011,0.0006052425623559114,0.000596111800798999,709771
15,1006,9,686,009,CARLOS CAICEDO,CANDIDATO,ELIMINADO,CEPEDA,CUNDINAMARCA,2335305,116,458,6916,1625534,1601011,0.0004284792546709548,0.0004220151654779291,709771
15,3001,5,2950,005,MAURICIO LIZCANO,CANDIDATO,ELIMINADO,CEPEDA,CUNDINAMARCA,2335305,116,458,6916,1625534,1601011,0.0018425857161506072,0.0018147882480464882,709771
16,0,996,70144,996,VOTO EN BLANCO,VOTO_EN_BLANCO,NO_APLICA,INDEFINIDO,BOGOTA D.C.,5993475,1,100,16909,4130084,4094508,0.01713124018807632,0.016983673939803646,1863391
16,0,997,33279,997,VOTO NULO,VOTO_NULO,NO_APLICA,INDEFINIDO,BOGOTA D.C.,5993475,1,100,16909,4130084,4094508,,0.008057705363861849,1863391
16,0,998,2297,998,NO MARCADOS,NO_MARCADO,NO_APLICA,INDEFINIDO,BOGOTA D.C.,5993475,1,100,16909,4130084,4094508,,0.0005561630223501507,1863391
16,9,11,372142,011,PALOMA VALENCIA,CANDIDATO,ELIMINADO,ABELARDO,BOGOTA D.C.,5993475,1,100,16909,4130084,4094508,0.09088808716456287,0.09010518914385277,1863391
16,15,12,258410,012,SERGIO FAJARDO,CANDIDATO,ELIMINADO,DIVIDIDO,BOGOTA D.C.,5993475,1,100,16909,4130084,4094508,0.06311136771499774,0.06256773469982693,1863391
16,20,6,4007,006,MIGUEL URIBE,CANDIDATO,ELIMINADO,ABELARDO,BOGOTA D.C.,5993475,1,100,16909,4130084,4094508,0.0009786279572539607,0.0009701981848311076,1863391
16,21,10,827,010,GUSTAVO MATAMORROS,CANDIDATO,ELIMINADO,INCIERTO,BOGOTA D.C.,5993475,1,100,16909,4130084,4094508,0.0002019778688916959,0.00020023805811213524,1863391
16,22,8,1815,008,ROY BARRERAS,CANDIDATO,ELIMINADO,CEPEDA,BOGOTA D.C.,5993475,1,100,16909,4130084,4094508,0.0004432767013765756,0.00043945837421224365,1863391
16,26,1,1706249,001,IVAN CEPEDA,CANDIDATO,PASA_A_SEGUNDA,CEPEDA,BOGOTA D.C.,5993475,1,100,16909,4130084,4094508,0.4167164895025239,0.41312694850758486,1863391
16,1001,3,22090,003,SANTIAGO BOTERO,CANDIDATO,ELIMINADO,INCIERTO,BOGOTA D.C.,5993475,1,100,16909,4130084,4094508,0.005395031588654852,0.005348559496610722,1863391
16,1002,7,2679,007,SONDRA MACOLLINS,CANDIDATO,ELIMINADO,INCIERTO,BOGOTA D.C.,5993475,1,100,16909,4130084,4094508,0.0006542910650070777,0.0006486550878868323,1863391
16,1003,4,1543517,004,ABELARDO DE LA ESPRIELLA,CANDIDATO,PASA_A_SEGUNDA,ABELARDO,BOGOTA D.C.,5993475,1,100,16909,4130084,4094508,0.3769725202637289,0.37372532858895846,1863391
16,1004,2,102440,002,CLAUDIA LOPEZ,CANDIDATO,ELIMINADO,CEPEDA,BOGOTA D.C.,5993475,1,100,16909,4130084,4094508,0.02501887894711648,0.024803369616695447,1863391
16,1005,13,2488,013,LUIS GILBERTO MURILLO,CANDIDATO,ELIMINADO,CEPEDA,BOGOTA D.C.,5993475,1,100,16909,4130084,4094508,0.0006076432137878348,0.0006024090551184915,1863391
16,1006,9,1251,009,CARLOS CAICEDO,CANDIDATO,ELIMINADO,CEPEDA,BOGOTA D.C.,5993475,1,100,16909,4130084,4094508,0.00030553121400666455,0.00030289940834133153,1863391
16,3001,5,6449,005,MAURICIO LIZCANO,CANDIDATO,ELIMINADO,CEPEDA,BOGOTA D.C.,5993475,1,100,16909,4130084,4094508,0.0015750366100151715,0.0015614694519530353,1863391
17,0,996,2261,996,VOTO EN BLANCO,VOTO_EN_BLANCO,NO_APLICA,INDEFINIDO,CHOCO,361702,31,432,1250,147256,144225,0.015676893742416362,0.01535421307111425,214446
17,0,997,2451,997,VOTO NULO,VOTO_NULO,NO_APLICA,INDEFINIDO,CHOCO,361702,31,432,1250,147256,144225,,0.01664448307709024,214446
17,0,998,580,998,NO MARCADOS,NO_MARCADO,NO_APLICA,INDEFINIDO,CHOCO,361702,31,432,1250,147256,144225,,0.003938718965610909,214446
17,9,11,5640,011,PALOMA VALENCIA,CANDIDATO,ELIMINADO,ABELARDO,CHOCO,361702,31,432,1250,147256,144225,0.0391055642225689,0.03830064649318194,214446
17,15,12,1203,012,SERGIO FAJARDO,CANDIDATO,ELIMINADO,DIVIDIDO,CHOCO,361702,31,432,1250,147256,144225,0.008341133645345814,0.008169446406258489,214446
17,20,6,331,006,MIGUEL URIBE,CANDIDATO,ELIMINADO,ABELARDO,CHOCO,361702,31,432,1250,147256,144225,0.002295025134338707,0.002247786168305536,214446
17,21,10,107,010,GUSTAVO MATAMORROS,CANDIDATO,ELIMINADO,INCIERTO,CHOCO,361702,31,432,1250,147256,144225,0.0007418963425203675,0.0007266257402075298,214446
17,22,8,203,008,ROY BARRERAS,CANDIDATO,ELIMINADO,CEPEDA,CHOCO,361702,31,432,1250,147256,144225,0.0014075229675853701,0.001378551637963818,214446
17,26,1,109148,001,IVAN CEPEDA,CANDIDATO,PASA_A_SEGUNDA,CEPEDA,CHOCO,361702,31,432,1250,147256,144225,0.7567897382561969,0.7412125821698267,214446
17,1001,3,983,003,SANTIAGO BOTERO,CANDIDATO,ELIMINADO,INCIERTO,CHOCO,361702,31,432,1250,147256,144225,0.006815739296238516,0.006675449557233661,214446
17,1002,7,238,007,SONDRA MACOLLINS,CANDIDATO,ELIMINADO,INCIERTO,CHOCO,361702,31,432,1250,147256,144225,0.0016501993413069857,0.0016162329548541315,214446
17,1003,4,22782,004,ABELARDO DE LA ESPRIELLA,CANDIDATO,PASA_A_SEGUNDA,ABELARDO,CHOCO,361702,31,432,1250,147256,144225,0.15796151846073844,0.1547101646112892,214446
17,1004,2,612,002,CLAUDIA LOPEZ,CANDIDATO,ELIMINADO,CEPEDA,CHOCO,361702,31,432,1250,147256,144225,0.004243369734789392,0.0041560275981963385,214446
17,1005,13,268,013,LUIS GILBERTO MURILLO,CANDIDATO,ELIMINADO,CEPEDA,CHOCO,361702,31,432,1250,147256,144225,0.001858207661639799,0.0018199597979029717,214446
17,1006,9,106,009,CARLOS CAICEDO,CANDIDATO,ELIMINADO,CEPEDA,CHOCO,361702,31,432,1250,147256,144225,0.000734962731842607,0.000719834845439235,214446
17,3001,5,343,005,MAURICIO LIZCANO,CANDIDATO,ELIMINADO,CEPEDA,CHOCO,361702,31,432,1250,147256,144225,0.002378228462471832,0.002329276905525072,214446
19,0,996,10003,996,VOTO EN BLANCO,VOTO_EN_BLANCO,NO_APLICA,INDEFINIDO,HUILA,937739,37,185,2745,555856,548675,0.018231193329384426,0.017995667942776548,381883
19,0,997,5939,997,VOTO NULO,VOTO_NULO,NO_APLICA,INDEFINIDO,HUILA,937739,37,185,2745,555856,548675,,0.010684421864655595,381883
19,0,998,1242,998,NO MARCADOS,NO_MARCADO,NO_APLICA,INDEFINIDO,HUILA,937739,37,185,2745,555856,548675,,0.002234391641000547,381883
19,9,11,35802,011,PALOMA VALENCIA,CANDIDATO,ELIMINADO,ABELARDO,HUILA,937739,37,185,2745,555856,548675,0.06525174283501162,0.06440876773840706,381883
19,15,12,14601,012,SERGIO FAJARDO,CANDIDATO,ELIMINADO,DIVIDIDO,HUILA,937739,37,185,2745,555856,548675,0.02661138196564451,0.026267594484902564,381883
19,20,6,837,006,MIGUEL URIBE,CANDIDATO,ELIMINADO,ABELARDO,HUILA,937739,37,185,2745,555856,548675,0.0015254932336993667,0.0015057856711090643,381883
19,21,10,142,010,GUSTAVO MATAMORROS,CANDIDATO,ELIMINADO,INCIERTO,HUILA,937739,37,185,2745,555856,548675,0.000258805303686153,0.0002554618462335569,381883
19,22,8,460,008,ROY BARRERAS,CANDIDATO,ELIMINADO,CEPEDA,HUILA,937739,37,185,2745,555856,548675,0.0008383833781382421,0.0008275524596298322,381883
19,26,1,176721,001,IVAN CEPEDA,CANDIDATO,PASA_A_SEGUNDA,CEPEDA,HUILA,937739,37,185,2745,555856,548675,0.32208684558253975,0.31792586569183384,381883
19,1001,3,6779,003,SANTIAGO BOTERO,CANDIDATO,ELIMINADO,INCIERTO,HUILA,937739,37,185,2745,555856,548675,0.01235521939217205,0.012195604617023114,381883
19,1002,7,636,007,SONDRA MACOLLINS,CANDIDATO,ELIMINADO,INCIERTO,HUILA,937739,37,185,2745,555856,548675,0.0011591561489041782,0.0011441812267925506,381883
19,1003,4,297613,004,ABELARDO DE LA ESPRIELLA,CANDIDATO,PASA_A_SEGUNDA,ABELARDO,HUILA,937739,37,185,2745,555856,548675,0.5424212876475145,0.5354138481908983,381883
19,1004,2,3357,002,CLAUDIA LOPEZ,CANDIDATO,ELIMINADO,CEPEDA,HUILA,937739,37,185,2745,555856,548675,0.006118376087847997,0.006039333928211623,381883
19,1005,13,289,013,LUIS GILBERTO MURILLO,CANDIDATO,ELIMINADO,CEPEDA,HUILA,937739,37,185,2745,555856,548675,0.0005267234701781565,0.0005199188278978728,381883
19,1006,9,277,009,CARLOS CAICEDO,CANDIDATO,ELIMINADO,CEPEDA,HUILA,937739,37,185,2745,555856,548675,0.0005048525994441154,0.0004983305028640511,381883
19,3001,5,1158,005,MAURICIO LIZCANO,CANDIDATO,ELIMINADO,CEPEDA,HUILA,937739,37,185,2745,555856,548675,0.002110539025834966,0.0020832733657637948,381883
21,0,996,7556,996,VOTO EN BLANCO,VOTO_EN_BLANCO,NO_APLICA,INDEFINIDO,MAGDALENA,1089418,30,292,3228,507993,503190,0.015016196665275542,0.014874220707765657,581425
21,0,997,3712,997,VOTO NULO,VOTO_NULO,NO_APLICA,INDEFINIDO,MAGDALENA,1089418,30,292,3228,507993,503190,,0.0073071873037620595,581425
21,0,998,1091,998,NO MARCADOS,NO_MARCADO,NO_APLICA,INDEFINIDO,MAGDALENA,1089418,30,292,3228,507993,503190,,0.0021476673891175665,581425
21,9,11,18398,011,PALOMA VALENCIA,CANDIDATO,ELIMINADO,ABELARDO,MAGDALENA,1089418,30,292,3228,507993,503190,0.03656272978397822,0.036217034486695686,581425
21,15,12,7934,012,SERGIO FAJARDO,CANDIDATO,ELIMINADO,DIVIDIDO,MAGDALENA,1089418,30,292,3228,507993,503190,0.01576740396271786,0.015618325449366428,581425
21,20,6,420,006,MIGUEL URIBE,CANDIDATO,ELIMINADO,ABELARDO,MAGDALENA,1089418,30,292,3228,507993,503190,0.0008346747749359089,0.0008267830462230779,581425
21,21,10,121,010,GUSTAVO MATAMORROS,CANDIDATO,ELIMINADO,INCIERTO,MAGDALENA,1089418,30,292,3228,507993,503190,0.00024046582801724994,0.00023819225855474386,581425
21,22,8,238,008,ROY BARRERAS,CANDIDATO,ELIMINADO,CEPEDA,MAGDALENA,1089418,30,292,3228,507993,503190,0.0004729823724636817,0.00046851039285974414,581425
21,26,1,263014,001,IVAN CEPEDA,CANDIDATO,PASA_A_SEGUNDA,CEPEDA,MAGDALENA,1089418,30,292,3228,507993,503190,0.5226932172737933,0.5177512288555157,581425
21,1001,3,2679,003,SANTIAGO BOTERO,CANDIDATO,ELIMINADO,INCIERTO,MAGDALENA,1089418,30,292,3228,507993,503190,0.005324032671555476,0.005273694716265776,581425
21,1002,7,428,007,SONDRA MACOLLINS,CANDIDATO,ELIMINADO,INCIERTO,MAGDALENA,1089418,30,292,3228,507993,503190,0.0008505733420775453,0.000842531294722565,581425
21,1003,4,197533,004,ABELARDO DE LA ESPRIELLA,CANDIDATO,PASA_A_SEGUNDA,ABELARDO,MAGDALENA,1089418,30,292,3228,507993,503190,0.3925614578986069,0.38884984635615055,581425
21,1004,2,1229,002,CLAUDIA LOPEZ,CANDIDATO,ELIMINADO,CEPEDA,MAGDALENA,1089418,30,292,3228,507993,503190,0.002442417377133886,0.0024193246757337208,581425
21,1005,13,213,013,LUIS GILBERTO MURILLO,CANDIDATO,ELIMINADO,CEPEDA,MAGDALENA,1089418,30,292,3228,507993,503190,0.0004232993501460681,0.00041929711629884665,581425
21,1006,9,2510,009,CARLOS CAICEDO,CANDIDATO,ELIMINADO,CEPEDA,MAGDALENA,1089418,30,292,3228,507993,503190,0.004988175440688408,0.004941012966714108,581425
21,3001,5,917,005,MAURICIO LIZCANO,CANDIDATO,ELIMINADO,CEPEDA,MAGDALENA,1089418,30,292,3228,507993,503190,0.0018223732586100678,0.00180514298425372,581425
23,0,996,12887,996,VOTO EN BLANCO,VOTO_EN_BLANCO,NO_APLICA,INDEFINIDO,NARIÑO,1199601,64,747,3767,701088,689794,0.018682389235046986,0.018381430005933636,498513
23,0,997,8986,997,VOTO NULO,VOTO_NULO,NO_APLICA,INDEFINIDO,NARIÑO,1199601,64,747,3767,701088,689794,,0.012817221233283126,498513
23,0,998,2308,998,NO MARCADOS,NO_MARCADO,NO_APLICA,INDEFINIDO,NARIÑO,1199601,64,747,3767,701088,689794,,0.0032920261079921495,498513
23,9,11,31353,011,PALOMA VALENCIA,CANDIDATO,ELIMINADO,ABELARDO,NARIÑO,1199601,64,747,3767,701088,689794,0.04545270037141524,0.04472049157880323,498513
23,15,12,13039,012,SERGIO FAJARDO,CANDIDATO,ELIMINADO,DIVIDIDO,NARIÑO,1199601,64,747,3767,701088,689794,0.01890274487745617,0.018598235884796203,498513
23,20,6,863,006,MIGUEL URIBE,CANDIDATO,ELIMINADO,ABELARDO,NARIÑO,1199601,64,747,3767,701088,689794,0.0012510981539416116,0.0012309439043315532,498513
23,21,10,209,010,GUSTAVO MATAMORROS,CANDIDATO,ELIMINADO,INCIERTO,NARIÑO,1199601,64,747,3767,701088,689794,0.00030298900831262666,0.00029810808343603087,498513
23,22,8,375,008,ROY BARRERAS,CANDIDATO,ELIMINADO,CEPEDA,NARIÑO,1199601,64,747,3767,701088,689794,0.0005436405651542345,0.0005348829248254143,498513
23,26,1,472845,001,IVAN CEPEDA,CANDIDATO,PASA_A_SEGUNDA,CEPEDA,NARIÑO,1199601,64,747,3767,701088,689794,0.6854872614142773,0.6744445775708613,498513
23,1001,3,3526,003,SANTIAGO BOTERO,CANDIDATO,ELIMINADO,INCIERTO,NARIÑO,1199601,64,747,3767,701088,689794,0.005111671020623549,0.005029325847825095,498513
23,1002,7,626,007,SONDRA MACOLLINS,CANDIDATO,ELIMINADO,INCIERTO,NARIÑO,1199601,64,747,3767,701088,689794,0.0009075173167641354,0.0008928978958418915,498513
23,1003,4,148120,004,ABELARDO DE LA ESPRIELLA,CANDIDATO,PASA_A_SEGUNDA,ABELARDO,NARIÑO,1199601,64,747,3767,701088,689794,0.2147307746950539,0.2112716235337076,498513
23,1004,2,3918,002,CLAUDIA LOPEZ,CANDIDATO,ELIMINADO,CEPEDA,NARIÑO,1199601,64,747,3767,701088,689794,0.005679956624731442,0.005588456798575928,498513
23,1005,13,327,013,LUIS GILBERTO MURILLO,CANDIDATO,ELIMINADO,CEPEDA,NARIÑO,1199601,64,747,3767,701088,689794,0.00047405457281449247,0.0004664179104477612,498513
23,1006,9,303,009,CARLOS CAICEDO,CANDIDATO,ELIMINADO,CEPEDA,NARIÑO,1199601,64,747,3767,701088,689794,0.0004392615766446214,0.0004321854032589347,498513
23,3001,5,1403,005,MAURICIO LIZCANO,CANDIDATO,ELIMINADO,CEPEDA,NARIÑO,1199601,64,747,3767,701088,689794,0.002033940567763709,0.00200117531608015,498513
24,0,996,10457,996,VOTO EN BLANCO,VOTO_EN_BLANCO,NO_APLICA,INDEFINIDO,RISARALDA,878829,14,125,2551,515679,505941,0.02066841785899937,0.02027811875216947,363150
24,0,997,8216,997,VOTO NULO,VOTO_NULO,NO_APLICA,INDEFINIDO,RISARALDA,878829,14,125,2551,515679,505941,,0.01593239205009318,363150
24,0,998,1522,998,NO MARCADOS,NO_MARCADO,NO_APLICA,INDEFINIDO,RISARALDA,878829,14,125,2551,515679,505941,,0.0029514484786078163,363150
24,9,11,44561,011,PALOMA VALENCIA,CANDIDATO,ELIMINADO,ABELARDO,RISARALDA,878829,14,125,2551,515679,505941,0.08807548706272075,0.08641228361054067,363150
24,15,12,26474,012,SERGIO FAJARDO,CANDIDATO,ELIMINADO,DIVIDIDO,RISARALDA,878829,14,125,2551,515679,505941,0.052326259385975835,0.051338138648267626,363150
24,20,6,832,006,MIGUEL URIBE,CANDIDATO,ELIMINADO,ABELARDO,RISARALDA,878829,14,125,2551,515679,505941,0.0016444605201001697,0.0016134067898828535,363150
24,21,10,130,010,GUSTAVO MATAMORROS,CANDIDATO,ELIMINADO,INCIERTO,RISARALDA,878829,14,125,2551,515679,505941,0.00025694695626565155,0.00025209481091919585,363150
24,22,8,355,008,ROY BARRERAS,CANDIDATO,ELIMINADO,CEPEDA,RISARALDA,878829,14,125,2551,515679,505941,0.0007016628421100484,0.0006884127528947271,363150
24,26,1,182268,001,IVAN CEPEDA,CANDIDATO,PASA_A_SEGUNDA,CEPEDA,RISARALDA,878829,14,125,2551,515679,505941,0.360255444804829,0.35345243843553836,363150
24,1001,3,6944,003,SANTIAGO BOTERO,CANDIDATO,ELIMINADO,INCIERTO,RISARALDA,878829,14,125,2551,515679,505941,0.013724920494682186,0.013465741284791508,363150
24,1002,7,540,007,SONDRA MACOLLINS,CANDIDATO,ELIMINADO,INCIERTO,RISARALDA,878829,14,125,2551,515679,505941,0.0010673181260265525,0.0010471630607412751,363150
24,1003,4,226277,004,ABELARDO DE LA ESPRIELLA,CANDIDATO,PASA_A_SEGUNDA,ABELARDO,RISARALDA,878829,14,125,2551,515679,505941,0.44723989556094484,0.43879428869509907,363150
24,1004,2,5041,002,CLAUDIA LOPEZ,CANDIDATO,ELIMINADO,CEPEDA,RISARALDA,878829,14,125,2551,515679,505941,0.009963612357962687,0.009775461091105126,363150
24,1005,13,405,013,LUIS GILBERTO MURILLO,CANDIDATO,ELIMINADO,CEPEDA,RISARALDA,878829,14,125,2551,515679,505941,0.0008004885945199143,0.0007853722955559563,363150
24,1006,9,268,009,CARLOS CAICEDO,CANDIDATO,ELIMINADO,CEPEDA,RISARALDA,878829,14,125,2551,515679,505941,0.0005297060329168816,0.0005197031486641884,363150
24,3001,5,1389,005,MAURICIO LIZCANO,CANDIDATO,ELIMINADO,CEPEDA,RISARALDA,878829,14,125,2551,515679,505941,0.0027453794019460767,0.0026935360951289467,363150
25,0,996,8697,996,VOTO EN BLANCO,VOTO_EN_BLANCO,NO_APLICA,INDEFINIDO,NORTE DE SAN,1369050,40,349,4079,741716,735200,0.01182943416757345,0.01172551219064979,627334
25,0,997,5426,997,VOTO NULO,VOTO_NULO,NO_APLICA,INDEFINIDO,NORTE DE SAN,1369050,40,349,4079,741716,735200,,0.007315468454233157,627334
25,0,998,1090,998,NO MARCADOS,NO_MARCADO,NO_APLICA,INDEFINIDO,NORTE DE SAN,1369050,40,349,4079,741716,735200,,0.0014695651704965242,627334
25,9,11,33319,011,PALOMA VALENCIA,CANDIDATO,ELIMINADO,ABELARDO,NORTE DE SAN,1369050,40,349,4079,741716,735200,0.045319640914037,0.04492150634474651,627334
25,15,12,28757,012,SERGIO FAJARDO,CANDIDATO,ELIMINADO,DIVIDIDO,NORTE DE SAN,1369050,40,349,4079,741716,735200,0.0391145266594124,0.03877090422749408,627334
25,20,6,758,006,MIGUEL URIBE,CANDIDATO,ELIMINADO,ABELARDO,NORTE DE SAN,1369050,40,349,4079,741716,735200,0.0010310119695321,0.0010219544947122619,627334
25,21,10,146,010,GUSTAVO MATAMORROS,CANDIDATO,ELIMINADO,INCIERTO,NORTE DE SAN,1369050,40,349,4079,741716,735200,0.0001985854189336235,0.0001968408393509106,627334
25,22,8,401,008,ROY BARRERAS,CANDIDATO,ELIMINADO,CEPEDA,NORTE DE SAN,1369050,40,349,4079,741716,735200,0.0005454298150163221,0.0005406381957514736,627334
25,26,1,128091,001,IVAN CEPEDA,CANDIDATO,PASA_A_SEGUNDA,CEPEDA,NORTE DE SAN,1369050,40,349,4079,741716,735200,0.1742260609357998,0.1726954791321746,627334
25,1001,3,11417,003,SANTIAGO BOTERO,CANDIDATO,ELIMINADO,INCIERTO,NORTE DE SAN,1369050,40,349,4079,741716,735200,0.015529107725788902,0.015392683992255796,627334
25,1002,7,520,007,SONDRA MACOLLINS,CANDIDATO,ELIMINADO,INCIERTO,NORTE DE SAN,1369050,40,349,4079,741716,735200,0.0007072905331882481,0.0007010769620717363,627334
25,1003,4,519161,004,ABELARDO DE LA ESPRIELLA,CANDIDATO,PASA_A_SEGUNDA,ABELARDO,NORTE DE SAN,1369050,40,349,4079,741716,735200,0.7061493471164308,0.6999458013579322,627334
25,1004,2,2398,002,CLAUDIA LOPEZ,CANDIDATO,ELIMINADO,CEPEDA,NORTE DE SAN,1369050,40,349,4079,741716,735200,0.003261697497279652,0.0032330433750923536,627334
25,1005,13,247,013,LUIS GILBERTO MURILLO,CANDIDATO,ELIMINADO,CEPEDA,NORTE DE SAN,1369050,40,349,4079,741716,735200,0.00033596300326441787,0.0003330115569840748,627334
25,1006,9,335,009,CARLOS CAICEDO,CANDIDATO,ELIMINADO,CEPEDA,NORTE DE SAN,1369050,40,349,4079,741716,735200,0.000455658324265506,0.0004516553505654455,627334
25,3001,5,953,005,MAURICIO LIZCANO,CANDIDATO,ELIMINADO,CEPEDA,NORTE DE SAN,1369050,40,349,4079,741716,735200,0.0012962459194776931,0.001284858355489163,627334
26,0,996,5601,996,VOTO EN BLANCO,VOTO_EN_BLANCO,NO_APLICA,INDEFINIDO,QUINDIO,504934,12,69,1471,298948,293554,0.019079964844628247,0.018735699854155238,205986
26,0,997,4728,997,VOTO NULO,VOTO_NULO,NO_APLICA,INDEFINIDO,QUINDIO,504934,12,69,1471,298948,293554,,0.01581545954480378,205986
26,0,998,666,998,NO MARCADOS,NO_MARCADO,NO_APLICA,INDEFINIDO,QUINDIO,504934,12,69,1471,298948,293554,,0.002227812194762969,205986
26,9,11,27539,011,PALOMA VALENCIA,CANDIDATO,ELIMINADO,ABELARDO,QUINDIO,504934,12,69,1471,298948,293554,0.09381238204895863,0.0921196997471132,205986
26,15,12,15663,012,SERGIO FAJARDO,CANDIDATO,ELIMINADO,DIVIDIDO,QUINDIO,504934,12,69,1471,298948,293554,0.05335645230519768,0.052393727337195765,205986
26,20,6,440,006,MIGUEL URIBE,CANDIDATO,ELIMINADO,ABELARDO,QUINDIO,504934,12,69,1471,298948,293554,0.0014988724391423725,0.0014718278764199793,205986
26,21,10,67,010,GUSTAVO MATAMORROS,CANDIDATO,ELIMINADO,INCIERTO,QUINDIO,504934,12,69,1471,298948,293554,0.00022823739414213397,0.00022411924481849686,205986
26,22,8,219,008,ROY BARRERAS,CANDIDATO,ELIMINADO,CEPEDA,QUINDIO,504934,12,69,1471,298948,293554,0.0007460296913004081,0.0007325688748544897,205986
26,26,1,94337,001,IVAN CEPEDA,CANDIDATO,PASA_A_SEGUNDA,CEPEDA,QUINDIO,504934,12,69,1471,298948,293554,0.3213616574803954,0.3155632417677991,205986
26,1001,3,3642,003,SANTIAGO BOTERO,CANDIDATO,ELIMINADO,INCIERTO,QUINDIO,504934,12,69,1471,298948,293554,0.01240657596217391,0.01218272074073083,205986
26,1002,7,261,007,SONDRA MACOLLINS,CANDIDATO,ELIMINADO,INCIERTO,QUINDIO,504934,12,69,1471,298948,293554,0.0008891038786730891,0.0008730615357854878,205986
26,1003,4,142586,004,ABELARDO DE LA ESPRIELLA,CANDIDATO,PASA_A_SEGUNDA,ABELARDO,QUINDIO,504934,12,69,1471,298948,293554,0.4857232400171689,0.4769592036073163,205986
26,1004,2,2369,002,CLAUDIA LOPEZ,CANDIDATO,ELIMINADO,CEPEDA,QUINDIO,504934,12,69,1471,298948,293554,0.008070065473473364,0.007924455089179388,205986
26,1005,13,188,013,LUIS GILBERTO MURILLO,CANDIDATO,ELIMINADO,CEPEDA,QUINDIO,504934,12,69,1471,298948,293554,0.0006404273149062864,0.0006288719108339912,205986
26,1006,9,107,009,CARLOS CAICEDO,CANDIDATO,ELIMINADO,CEPEDA,QUINDIO,504934,12,69,1471,298948,293554,0.00036449852497325876,0.000357921779038495,205986
26,3001,5,535,005,MAURICIO LIZCANO,CANDIDATO,ELIMINADO,CEPEDA,QUINDIO,504934,12,69,1471,298948,293554,0.0018224926248662937,0.0017896088951924749,205986
27,0,996,17988,996,VOTO EN BLANCO,VOTO_EN_BLANCO,NO_APLICA,INDEFINIDO,SANTANDER,1850666,87,583,5656,1210680,1199031,0.015002114207222332,0.014857765883635642,639986
27,0,997,10100,997,VOTO NULO,VOTO_NULO,NO_APLICA,INDEFINIDO,SANTANDER,1850666,87,583,5656,1210680,1199031,,0.008342419136353123,639986
27,0,998,1549,998,NO MARCADOS,NO_MARCADO,NO_APLICA,INDEFINIDO,SANTANDER,1850666,87,583,5656,1210680,1199031,,0.0012794462616050484,639986
27,9,11,76706,011,PALOMA VALENCIA,CANDIDATO,ELIMINADO,ABELARDO,SANTANDER,1850666,87,583,5656,1210680,1199031,0.06397332512670648,0.0633577824032775,639986
27,15,12,47252,012,SERGIO FAJARDO,CANDIDATO,ELIMINADO,DIVIDIDO,SANTANDER,1850666,87,583,5656,1210680,1199031,0.03940848902155157,0.03902930584464929,639986
27,20,6,1305,006,MIGUEL URIBE,CANDIDATO,ELIMINADO,ABELARDO,SANTANDER,1850666,87,583,5656,1210680,1199031,0.001088378865934242,0.0010779066309842403,639986
27,21,10,213,010,GUSTAVO MATAMORROS,CANDIDATO,ELIMINADO,INCIERTO,SANTANDER,1850666,87,583,5656,1210680,1199031,0.00017764344708351995,0.000175934185746853,639986
27,22,8,503,008,ROY BARRERAS,CANDIDATO,ELIMINADO,CEPEDA,SANTANDER,1850666,87,583,5656,1210680,1199031,0.00041950541729112925,0.00041546899263223975,639986
27,26,1,343998,001,IVAN CEPEDA,CANDIDATO,PASA_A_SEGUNDA,CEPEDA,SANTANDER,1850666,87,583,5656,1210680,1199031,0.2868966690602662,0.2841361879274457,639986
27,1001,3,16760,003,SANTIAGO BOTERO,CANDIDATO,ELIMINADO,INCIERTO,SANTANDER,1850666,87,583,5656,1210680,1199031,0.01397795386441218,0.013843459873789937,639986
27,1002,7,808,007,SONDRA MACOLLINS,CANDIDATO,ELIMINADO,INCIERTO,SANTANDER,1850666,87,583,5656,1210680,1199031,0.0006738774894060288,0.0006673935309082499,639986
27,1003,4,684563,004,ABELARDO DE LA ESPRIELLA,CANDIDATO,PASA_A_SEGUNDA,ABELARDO,SANTANDER,1850666,87,583,5656,1210680,1199031,0.5709301927973506,0.5654367793306241,639986
27,1004,2,6462,002,CLAUDIA LOPEZ,CANDIDATO,ELIMINADO,CEPEDA,SANTANDER,1850666,87,583,5656,1210680,1199031,0.0053893519016605905,0.005337496283080583,639986
27,1005,13,510,013,LUIS GILBERTO MURILLO,CANDIDATO,ELIMINADO,CEPEDA,SANTANDER,1850666,87,583,5656,1210680,1199031,0.00042534346484786464,0.00042125086728119735,639986
27,1006,9,453,009,CARLOS CAICEDO,CANDIDATO,ELIMINADO,CEPEDA,SANTANDER,1850666,87,583,5656,1210680,1199031,0.00037780507760016213,0.00037416988799682824,639986
27,3001,5,1510,005,MAURICIO LIZCANO,CANDIDATO,ELIMINADO,CEPEDA,SANTANDER,1850666,87,583,5656,1210680,1199031,0.001259350258667207,0.0012472329599894274,639986
28,0,996,5033,996,VOTO EN BLANCO,VOTO_EN_BLANCO,NO_APLICA,INDEFINIDO,SUCRE,761233,26,381,2347,404305,400478,0.012567481859178282,0.012448522773648607,356928
28,0,997,2682,997,VOTO NULO,VOTO_NULO,NO_APLICA,INDEFINIDO,SUCRE,761233,26,381,2347,404305,400478,,0.006633605817390337,356928
28,0,998,1145,998,NO MARCADOS,NO_MARCADO,NO_APLICA,INDEFINIDO,SUCRE,761233,26,381,2347,404305,400478,,0.0028320203806532196,356928
28,9,11,14294,011,PALOMA VALENCIA,CANDIDATO,ELIMINADO,ABELARDO,SUCRE,761233,26,381,2347,404305,400478,0.03569234764456475,0.035354497223630675,356928
28,15,12,4355,012,SERGIO FAJARDO,CANDIDATO,ELIMINADO,DIVIDIDO,SUCRE,761233,26,381,2347,404305,400478,0.010874504966564955,0.010771570967462682,356928
28,20,6,366,006,MIGUEL URIBE,CANDIDATO,ELIMINADO,ABELARDO,SUCRE,761233,26,381,2347,404305,400478,0.0009139078800833004,0.0009052571697109855,356928
28,21,10,72,010,GUSTAVO MATAMORROS,CANDIDATO,ELIMINADO,INCIERTO,SUCRE,761233,26,381,2347,404305,400478,0.00017978515673769846,0.00017808337764806272,356928
28,22,8,261,008,ROY BARRERAS,CANDIDATO,ELIMINADO,CEPEDA,SUCRE,761233,26,381,2347,404305,400478,0.0006517211931741569,0.0006455522439742274,356928
28,26,1,226644,001,IVAN CEPEDA,CANDIDATO,PASA_A_SEGUNDA,CEPEDA,SUCRE,761233,26,381,2347,404305,400478,0.5659337092174851,0.5605767922731602,356928
28,1001,3,1642,003,SANTIAGO BOTERO,CANDIDATO,ELIMINADO,INCIERTO,SUCRE,761233,26,381,2347,404305,400478,0.004100100380045845,0.004061290362473875,356928
28,1002,7,388,007,SONDRA MACOLLINS,CANDIDATO,ELIMINADO,INCIERTO,SUCRE,761233,26,381,2347,404305,400478,0.0009688422335309305,0.0009596715351034491,356928
28,1003,4,145696,004,ABELARDO DE LA ESPRIELLA,CANDIDATO,PASA_A_SEGUNDA,ABELARDO,SUCRE,761233,26,381,2347,404305,400478,0.363805252722996,0.3603616081918354,356928
28,1004,2,856,002,CLAUDIA LOPEZ,CANDIDATO,ELIMINADO,CEPEDA,SUCRE,761233,26,381,2347,404305,400478,0.0021374457523259706,0.002117213489815857,356928
28,1005,13,150,013,LUIS GILBERTO MURILLO,CANDIDATO,ELIMINADO,CEPEDA,SUCRE,761233,26,381,2347,404305,400478,0.0003745524098702051,0.00037100703676679736,356928
28,1006,9,152,009,CARLOS CAICEDO,CANDIDATO,ELIMINADO,CEPEDA,SUCRE,761233,26,381,2347,404305,400478,0.00037954644200180785,0.0003759537972570213,356928
28,3001,5,569,005,MAURICIO LIZCANO,CANDIDATO,ELIMINADO,CEPEDA,SUCRE,761233,26,381,2347,404305,400478,0.001420802141440978,0.0014073533594687179,356928
29,0,996,11758,996,VOTO EN BLANCO,VOTO_EN_BLANCO,NO_APLICA,INDEFINIDO,TOLIMA,1167633,47,394,3517,683249,672211,0.01749153167680981,0.01720895310494417,484384
29,0,997,9281,997,VOTO NULO,VOTO_NULO,NO_APLICA,INDEFINIDO,TOLIMA,1167633,47,394,3517,683249,672211,,0.013583627637947512,484384
29,0,998,1757,998,NO MARCADOS,NO_MARCADO,NO_APLICA,INDEFINIDO,TOLIMA,1167633,47,394,3517,683249,672211,,0.0025715368774780496,484384
29,9,11,70911,011,PALOMA VALENCIA,CANDIDATO,ELIMINADO,ABELARDO,TOLIMA,1167633,47,394,3517,683249,672211,0.1054891990758854,0.10378500371021399,484384
29,15,12,20298,012,SERGIO FAJARDO,CANDIDATO,ELIMINADO,DIVIDIDO,TOLIMA,1167633,47,394,3517,683249,672211,0.030195875997268716,0.029708056652845448,484384
29,20,6,1310,006,MIGUEL URIBE,CANDIDATO,ELIMINADO,ABELARDO,TOLIMA,1167633,47,394,3517,683249,672211,0.0019487928641453353,0.00191730979481858,484384
29,21,10,190,010,GUSTAVO MATAMORROS,CANDIDATO,ELIMINADO,INCIERTO,TOLIMA,1167633,47,394,3517,683249,672211,0.00028264934670810206,0.0002780831000118551,484384
29,22,8,621,008,ROY BARRERAS,CANDIDATO,ELIMINADO,CEPEDA,TOLIMA,1167633,47,394,3517,683249,672211,0.0009238170752933231,0.0009088926584598002,484384
29,26,1,235730,001,IVAN CEPEDA,CANDIDATO,PASA_A_SEGUNDA,CEPEDA,TOLIMA,1167633,47,394,3517,683249,672211,0.35067858157632054,0.345013311398919,484384
29,1001,3,8269,003,SANTIAGO BOTERO,CANDIDATO,ELIMINADO,INCIERTO,TOLIMA,1167633,47,394,3517,683249,672211,0.012301197094364716,0.01210246923156858,484384
29,1002,7,760,007,SONDRA MACOLLINS,CANDIDATO,ELIMINADO,INCIERTO,TOLIMA,1167633,47,394,3517,683249,672211,0.0011305973868324082,0.0011123324000474205,484384
29,1003,4,315181,004,ABELARDO DE LA ESPRIELLA,CANDIDATO,PASA_A_SEGUNDA,ABELARDO,TOLIMA,1167633,47,394,3517,683249,672211,0.46887212497266484,0.4612974186570343,484384
29,1004,2,4880,002,CLAUDIA LOPEZ,CANDIDATO,ELIMINADO,CEPEDA,TOLIMA,1167633,47,394,3517,683249,672211,0.007259625325976516,0.007142344884515016,484384
29,1005,13,458,013,LUIS GILBERTO MURILLO,CANDIDATO,ELIMINADO,CEPEDA,TOLIMA,1167633,47,394,3517,683249,672211,0.0006813336883805829,0.0006703266305548929,484384
29,1006,9,370,009,CARLOS CAICEDO,CANDIDATO,ELIMINADO,CEPEDA,TOLIMA,1167633,47,394,3517,683249,672211,0.0005504224120105145,0.0005415302473915074,484384
29,3001,5,1475,005,MAURICIO LIZCANO,CANDIDATO,ELIMINADO,CEPEDA,TOLIMA,1167633,47,394,3517,683249,672211,0.0021942515073392135,0.002158803013249928,484384
31,0,996,39997,996,VOTO EN BLANCO,VOTO_EN_BLANCO,NO_APLICA,INDEFINIDO,VALLE,3793190,42,692,11087,2133237,2106201,0.018990115378351827,0.018749440404418262,1659953
31,0,997,23275,997,VOTO NULO,VOTO_NULO,NO_APLICA,INDEFINIDO,VALLE,3793190,42,692,11087,2133237,2106201,,0.010910648933990925,1659953
31,0,998,3761,998,NO MARCADOS,NO_MARCADO,NO_APLICA,INDEFINIDO,VALLE,3793190,42,692,11087,2133237,2106201,,0.001763048362652626,1659953
31,9,11,118541,011,PALOMA VALENCIA,CANDIDATO,ELIMINADO,ABELARDO,VALLE,3793190,42,692,11087,2133237,2106201,0.056281902819341555,0.05556860301973011,1659953
31,15,12,77283,012,SERGIO FAJARDO,CANDIDATO,ELIMINADO,DIVIDIDO,VALLE,3793190,42,692,11087,2133237,2106201,0.036693079150565404,0.036228042172529354,1659953
31,20,6,2085,006,MIGUEL URIBE,CANDIDATO,ELIMINADO,ABELARDO,VALLE,3793190,42,692,11087,2133237,2106201,0.0009899340091472752,0.0009773878851716898,1659953
31,21,10,534,010,GUSTAVO MATAMORROS,CANDIDATO,ELIMINADO,INCIERTO,VALLE,3793190,42,692,11087,2133237,2106201,0.00025353705558016544,0.00025032380368426014,1659953
31,22,8,1522,008,ROY BARRERAS,CANDIDATO,ELIMINADO,CEPEDA,VALLE,3793190,42,692,11087,2133237,2106201,0.000722628087252831,0.0007134697176169361,1659953
31,26,1,1119914,001,IVAN CEPEDA,CANDIDATO,PASA_A_SEGUNDA,CEPEDA,VALLE,3793190,42,692,11087,2133237,2106201,0.531722281016864,0.5249833937813755,1659953
31,1001,3,15406,003,SANTIAGO BOTERO,CANDIDATO,ELIMINADO,INCIERTO,VALLE,3793190,42,692,11087,2133237,2106201,0.007314591532337132,0.007221888613407699,1659953
31,1002,7,1734,007,SONDRA MACOLLINS,CANDIDATO,ELIMINADO,INCIERTO,VALLE,3793190,42,692,11087,2133237,2106201,0.0008232832478951439,0.0008128492052219233,1659953
31,1003,4,710909,004,ABELARDO DE LA ESPRIELLA,CANDIDATO,PASA_A_SEGUNDA,ABELARDO,VALLE,3793190,42,692,11087,2133237,2106201,0.33753141319370755,0.33325364223478215,1659953
31,1004,2,12664,002,CLAUDIA LOPEZ,CANDIDATO,ELIMINADO,CEPEDA,VALLE,3793190,42,692,11087,2133237,2106201,0.0060127214828974065,0.005936518070894139,1659953
31,1005,13,1560,013,LUIS GILBERTO MURILLO,CANDIDATO,ELIMINADO,CEPEDA,VALLE,3793190,42,692,11087,2133237,2106201,0.0007406700500094721,0.0007312830219989621,1659953
31,1006,9,825,009,CARLOS CAICEDO,CANDIDATO,ELIMINADO,CEPEDA,VALLE,3793190,42,692,11087,2133237,2106201,0.0003917005072165477,0.0003867362135571434,1659953
31,3001,5,3227,005,MAURICIO LIZCANO,CANDIDATO,ELIMINADO,CEPEDA,VALLE,3793190,42,692,11087,2133237,2106201,0.0015321424688336963,0.001512724558968366,1659953
40,0,996,2579,996,VOTO EN BLANCO,VOTO_EN_BLANCO,NO_APLICA,INDEFINIDO,ARAUCA,220805,7,55,662,100729,98687,0.026133127970249373,0.025603351567076015,120076
40,0,997,1660,997,VOTO NULO,VOTO_NULO,NO_APLICA,INDEFINIDO,ARAUCA,220805,7,55,662,100729,98687,,0.01647986180742388,120076
40,0,998,382,998,NO MARCADOS,NO_MARCADO,NO_APLICA,INDEFINIDO,ARAUCA,220805,7,55,662,100729,98687,,0.003792353741226459,120076
40,9,11,5889,011,PALOMA VALENCIA,CANDIDATO,ELIMINADO,ABELARDO,ARAUCA,220805,7,55,662,100729,98687,0.059673513228692736,0.05846379890597544,120076
40,15,12,2313,012,SERGIO FAJARDO,CANDIDATO,ELIMINADO,DIVIDIDO,ARAUCA,220805,7,55,662,100729,98687,0.023437737493286856,0.02296260262685026,120076
40,20,6,238,006,MIGUEL URIBE,CANDIDATO,ELIMINADO,ABELARDO,ARAUCA,220805,7,55,662,100729,98687,0.002411665163598042,0.0023627753675704117,120076
40,21,10,25,010,GUSTAVO MATAMORROS,CANDIDATO,ELIMINADO,INCIERTO,ARAUCA,220805,7,55,662,100729,98687,0.0002533261726468532,0.00024819068987084157,120076
40,22,8,100,008,ROY BARRERAS,CANDIDATO,ELIMINADO,CEPEDA,ARAUCA,220805,7,55,662,100729,98687,0.0010133046905874128,0.0009927627594833663,120076
40,26,1,34097,001,IVAN CEPEDA,CANDIDATO,PASA_A_SEGUNDA,CEPEDA,ARAUCA,220805,7,55,662,100729,98687,0.34550650034959013,0.3385023181010434,120076
40,1001,3,1890,003,SANTIAGO BOTERO,CANDIDATO,ELIMINADO,INCIERTO,ARAUCA,220805,7,55,662,100729,98687,0.0191514586521021,0.018763216154235624,120076
40,1002,7,116,007,SONDRA MACOLLINS,CANDIDATO,ELIMINADO,INCIERTO,ARAUCA,220805,7,55,662,100729,98687,0.0011754334410813989,0.0011516048010007049,120076
40,1003,4,50613,004,ABELARDO DE LA ESPRIELLA,CANDIDATO,PASA_A_SEGUNDA,ABELARDO,ARAUCA,220805,7,55,662,100729,98687,0.5128639030470072,0.5024670154573162,120076
40,1004,2,466,002,CLAUDIA LOPEZ,CANDIDATO,ELIMINADO,CEPEDA,ARAUCA,220805,7,55,662,100729,98687,0.0047219998581373435,0.004626274459192487,120076
40,1005,13,69,013,LUIS GILBERTO MURILLO,CANDIDATO,ELIMINADO,CEPEDA,ARAUCA,220805,7,55,662,100729,98687,0.0006991802365053148,0.0006850063040435227,120076
40,1006,9,70,009,CARLOS CAICEDO,CANDIDATO,ELIMINADO,CEPEDA,ARAUCA,220805,7,55,662,100729,98687,0.0007093132834111889,0.0006949339316383564,120076
40,3001,5,222,005,MAURICIO LIZCANO,CANDIDATO,ELIMINADO,CEPEDA,ARAUCA,220805,7,55,662,100729,98687,0.002249536413104056,0.002203933326053073,120076
44,0,996,4945,996,VOTO EN BLANCO,VOTO_EN_BLANCO,NO_APLICA,INDEFINIDO,CAQUETA,327418,16,116,983,174993,171296,0.028868158042219316,0.02825827318807038,152425
44,0,997,2707,997,VOTO NULO,VOTO_NULO,NO_APLICA,INDEFINIDO,CAQUETA,327418,16,116,983,174993,171296,,0.015469190196179275,152425
44,0,998,990,998,NO MARCADOS,NO_MARCADO,NO_APLICA,INDEFINIDO,CAQUETA,327418,16,116,983,174993,171296,,0.005657369151908933,152425
44,9,11,8226,011,PALOMA VALENCIA,CANDIDATO,ELIMINADO,ABELARDO,CAQUETA,327418,16,116,983,174993,171296,0.04802213711937232,0.04700759458949787,152425
44,15,12,4048,012,SERGIO FAJARDO,CANDIDATO,ELIMINADO,DIVIDIDO,CAQUETA,327418,16,116,983,174993,171296,0.023631608443863254,0.023132353865583193,152425
44,20,6,375,006,MIGUEL URIBE,CANDIDATO,ELIMINADO,ABELARDO,CAQUETA,327418,16,116,983,174993,171296,0.0021891929759013636,0.0021429428605715655,152425
44,21,10,69,010,GUSTAVO MATAMORROS,CANDIDATO,ELIMINADO,INCIERTO,CAQUETA,327418,16,116,983,174993,171296,0.00040281150756585094,0.0003943014863451681,152425
44,22,8,182,008,ROY BARRERAS,CANDIDATO,ELIMINADO,CEPEDA,CAQUETA,327418,16,116,983,174993,171296,0.0010624883243041286,0.0010400416016640667,152425
44,26,1,66468,001,IVAN CEPEDA,CANDIDATO,PASA_A_SEGUNDA,CEPEDA,CAQUETA,327418,16,116,983,174993,171296,0.38803007659256494,0.37983233615058887,152425
44,1001,3,3346,003,SANTIAGO BOTERO,CANDIDATO,ELIMINADO,INCIERTO,CAQUETA,327418,16,116,983,174993,171296,0.019533439192975902,0.019120764830593225,152425
44,1002,7,252,007,SONDRA MACOLLINS,CANDIDATO,ELIMINADO,INCIERTO,CAQUETA,327418,16,116,983,174993,171296,0.0014711376798057165,0.0014400576023040922,152425
44,1003,4,81783,004,ABELARDO DE LA ESPRIELLA,CANDIDATO,PASA_A_SEGUNDA,ABELARDO,CAQUETA,327418,16,116,983,174993,171296,0.4774367177283766,0.46735012257633163,152425
44,1004,2,879,002,CLAUDIA LOPEZ,CANDIDATO,ELIMINADO,CEPEDA,CAQUETA,327418,16,116,983,174993,171296,0.0051314683355127965,0.00502305806517975,152425
44,1005,13,135,013,LUIS GILBERTO MURILLO,CANDIDATO,ELIMINADO,CEPEDA,CAQUETA,327418,16,116,983,174993,171296,0.000788109471324491,0.0007714594298057636,152425
44,1006,9,148,009,CARLOS CAICEDO,CANDIDATO,ELIMINADO,CEPEDA,CAQUETA,327418,16,116,983,174993,171296,0.0008640014944890715,0.0008457481156389113,152425
44,3001,5,440,005,MAURICIO LIZCANO,CANDIDATO,ELIMINADO,CEPEDA,CAQUETA,327418,16,116,983,174993,171296,0.002568653091724267,0.002514386289737304,152425
46,0,996,3905,996,VOTO EN BLANCO,VOTO_EN_BLANCO,NO_APLICA,INDEFINIDO,CASANARE,328773,19,147,1019,222503,218942,0.01783577385791671,0.01755032516415509,106270
46,0,997,3063,997,VOTO NULO,VOTO_NULO,NO_APLICA,INDEFINIDO,CASANARE,328773,19,147,1019,222503,218942,,0.013766106524406413,106270
46,0,998,498,998,NO MARCADOS,NO_MARCADO,NO_APLICA,INDEFINIDO,CASANARE,328773,19,147,1019,222503,218942,,0.002238172069590073,106270
46,9,11,14702,011,PALOMA VALENCIA,CANDIDATO,ELIMINADO,ABELARDO,CASANARE,328773,19,147,1019,222503,218942,0.06715020416365979,0.06607551358858083,106270
46,15,12,6028,012,SERGIO FAJARDO,CANDIDATO,ELIMINADO,DIVIDIDO,CASANARE,328773,19,147,1019,222503,218942,0.027532405842643257,0.027091769549174617,106270
46,20,6,288,006,MIGUEL URIBE,CANDIDATO,ELIMINADO,ABELARDO,CASANARE,328773,19,147,1019,222503,218942,0.0013154168683943692,0.0012943645703653434,106270
46,21,10,67,010,GUSTAVO MATAMORROS,CANDIDATO,ELIMINADO,INCIERTO,CASANARE,328773,19,147,1019,222503,218942,0.00030601711868896784,0.00030111953546693753,106270
46,22,8,196,008,ROY BARRERAS,CANDIDATO,ELIMINADO,CEPEDA,CASANARE,328773,19,147,1019,222503,218942,0.0008952142576572791,0.0008808869992764142,106270
46,26,1,54202,001,IVAN CEPEDA,CANDIDATO,PASA_A_SEGUNDA,CEPEDA,CASANARE,328773,19,147,1019,222503,218942,0.24756328159969307,0.24360120987132758,106270
46,1001,3,3642,003,SANTIAGO BOTERO,CANDIDATO,ELIMINADO,INCIERTO,CASANARE,328773,19,147,1019,222503,218942,0.016634542481570463,0.016368318629411738,106270
46,1002,7,205,007,SONDRA MACOLLINS,CANDIDATO,ELIMINADO,INCIERTO,CASANARE,328773,19,147,1019,222503,218942,0.0009363210347946031,0.0009213358921003312,106270
46,1003,4,134114,004,ABELARDO DE LA ESPRIELLA,CANDIDATO,PASA_A_SEGUNDA,ABELARDO,CASANARE,328773,19,147,1019,222503,218942,0.6125549232216752,0.6027514235763113,106270
46,1004,2,1076,002,CLAUDIA LOPEZ,CANDIDATO,ELIMINADO,CEPEDA,CASANARE,328773,19,147,1019,222503,218942,0.004914543577751185,0.004835889853170519,106270
46,1005,13,97,013,LUIS GILBERTO MURILLO,CANDIDATO,ELIMINADO,CEPEDA,CASANARE,328773,19,147,1019,222503,218942,0.00044303970914671466,0.0004359491782133275,106270
46,1006,9,87,009,CARLOS CAICEDO,CANDIDATO,ELIMINADO,CEPEDA,CASANARE,328773,19,147,1019,222503,218942,0.0003973655123274657,0.0003910059639645308,106270
46,3001,5,333,005,MAURICIO LIZCANO,CANDIDATO,ELIMINADO,CEPEDA,CASANARE,328773,19,147,1019,222503,218942,0.0015209507540809896,0.0014966090344849282,106270
48,0,996,3816,996,VOTO EN BLANCO,VOTO_EN_BLANCO,NO_APLICA,INDEFINIDO,LA GUAJIRA,708310,15,173,2093,257464,254192,0.015012274186441745,0.014821489606313892,450846
48,0,997,2534,997,VOTO NULO,VOTO_NULO,NO_APLICA,INDEFINIDO,LA GUAJIRA,708310,15,173,2093,257464,254192,,0.00984215268930802,450846
48,0,998,738,998,NO MARCADOS,NO_MARCADO,NO_APLICA,INDEFINIDO,LA GUAJIRA,708310,15,173,2093,257464,254192,,0.002866420159711649,450846
48,9,11,6212,011,PALOMA VALENCIA,CANDIDATO,ELIMINADO,ABELARDO,LA GUAJIRA,708310,15,173,2093,257464,254192,0.02443821992824322,0.024127645029984775,450846
48,15,12,2946,012,SERGIO FAJARDO,CANDIDATO,ELIMINADO,DIVIDIDO,LA GUAJIRA,708310,15,173,2093,257464,254192,0.011589664505570592,0.011442376409905851,450846
48,20,6,300,006,MIGUEL URIBE,CANDIDATO,ELIMINADO,ABELARDO,LA GUAJIRA,708310,15,173,2093,257464,254192,0.0011802102347831561,0.0011652114470372557,450846
48,21,10,109,010,GUSTAVO MATAMORROS,CANDIDATO,ELIMINADO,INCIERTO,LA GUAJIRA,708310,15,173,2093,257464,254192,0.00042880971863788005,0.0004233601590902029,450846
48,22,8,190,008,ROY BARRERAS,CANDIDATO,ELIMINADO,CEPEDA,LA GUAJIRA,708310,15,173,2093,257464,254192,0.0007474664820293322,0.0007379672497902619,450846
48,26,1,140544,001,IVAN CEPEDA,CANDIDATO,PASA_A_SEGUNDA,CEPEDA,LA GUAJIRA,708310,15,173,2093,257464,254192,0.552904890791213,0.5458782587080135,450846
48,1001,3,1547,003,SANTIAGO BOTERO,CANDIDATO,ELIMINADO,INCIERTO,LA GUAJIRA,708310,15,173,2093,257464,254192,0.006085950777365142,0.006008607028555449,450846
48,1002,7,228,007,SONDRA MACOLLINS,CANDIDATO,ELIMINADO,INCIERTO,LA GUAJIRA,708310,15,173,2093,257464,254192,0.0008969597784351986,0.0008855606997483143,450846
48,1003,4,96625,004,ABELARDO DE LA ESPRIELLA,CANDIDATO,PASA_A_SEGUNDA,ABELARDO,LA GUAJIRA,708310,15,173,2093,257464,254192,0.38012604645307485,0.3752951868999161,450846
48,1004,2,674,002,CLAUDIA LOPEZ,CANDIDATO,ELIMINADO,CEPEDA,LA GUAJIRA,708310,15,173,2093,257464,254192,0.002651538994146157,0.0026178417176770346,450846
48,1005,13,117,013,LUIS GILBERTO MURILLO,CANDIDATO,ELIMINADO,CEPEDA,LA GUAJIRA,708310,15,173,2093,257464,254192,0.00046028199156543083,0.00045443246434452973,450846
48,1006,9,223,009,CARLOS CAICEDO,CANDIDATO,ELIMINADO,CEPEDA,LA GUAJIRA,708310,15,173,2093,257464,254192,0.0008772896078554793,0.0008661405089643601,450846
48,3001,5,661,005,MAURICIO LIZCANO,CANDIDATO,ELIMINADO,CEPEDA,LA GUAJIRA,708310,15,173,2093,257464,254192,0.002600396550638887,0.0025673492216387534,450846
50,0,996,247,996,VOTO EN BLANCO,VOTO_EN_BLANCO,NO_APLICA,INDEFINIDO,GUAINIA,36900,8,22,117,12134,12009,0.020567907402781246,0.020356024394264052,24766
50,0,997,82,997,VOTO NULO,VOTO_NULO,NO_APLICA,INDEFINIDO,GUAINIA,36900,8,22,117,12134,12009,,0.006757870446678754,24766
50,0,998,43,998,NO MARCADOS,NO_MARCADO,NO_APLICA,INDEFINIDO,GUAINIA,36900,8,22,117,12134,12009,,0.0035437613317949564,24766
50,9,11,688,011,PALOMA VALENCIA,CANDIDATO,ELIMINADO,ABELARDO,GUAINIA,36900,8,22,117,12134,12009,0.05729036555916396,0.0567001813087193,24766
50,15,12,188,012,SERGIO FAJARDO,CANDIDATO,ELIMINADO,DIVIDIDO,GUAINIA,36900,8,22,117,12134,12009,0.015654925472562246,0.01549365419482446,24766
50,20,6,44,006,MIGUEL URIBE,CANDIDATO,ELIMINADO,ABELARDO,GUAINIA,36900,8,22,117,12134,12009,0.003663918727620951,0.003626174386022746,24766
50,21,10,4,010,GUSTAVO MATAMORROS,CANDIDATO,ELIMINADO,INCIERTO,GUAINIA,36900,8,22,117,12134,12009,0.0003330835206928137,0.00032965221691115873,24766
50,22,8,10,008,ROY BARRERAS,CANDIDATO,ELIMINADO,CEPEDA,GUAINIA,36900,8,22,117,12134,12009,0.0008327088017320343,0.0008241305422778968,24766
50,26,1,6778,001,IVAN CEPEDA,CANDIDATO,PASA_A_SEGUNDA,CEPEDA,GUAINIA,36900,8,22,117,12134,12009,0.5644100258139728,0.5585956815559585,24766
50,1001,3,134,003,SANTIAGO BOTERO,CANDIDATO,ELIMINADO,INCIERTO,GUAINIA,36900,8,22,117,12134,12009,0.01115829794320926,0.011043349266523818,24766
50,1002,7,21,007,SONDRA MACOLLINS,CANDIDATO,ELIMINADO,INCIERTO,GUAINIA,36900,8,22,117,12134,12009,0.0017486884836372721,0.0017306741387835833,24766
50,1003,4,3722,004,ABELARDO DE LA ESPRIELLA,CANDIDATO,PASA_A_SEGUNDA,ABELARDO,GUAINIA,36900,8,22,117,12134,12009,0.30993421600466314,0.3067413878358332,24766
50,1004,2,112,002,CLAUDIA LOPEZ,CANDIDATO,ELIMINADO,CEPEDA,GUAINIA,36900,8,22,117,12134,12009,0.009326338579398784,0.009230262073512444,24766
50,1005,13,16,013,LUIS GILBERTO MURILLO,CANDIDATO,ELIMINADO,CEPEDA,GUAINIA,36900,8,22,117,12134,12009,0.0013323340827712548,0.001318608867644635,24766
50,1006,9,14,009,CARLOS CAICEDO,CANDIDATO,ELIMINADO,CEPEDA,GUAINIA,36900,8,22,117,12134,12009,0.001165792322424848,0.0011537827591890555,24766
50,3001,5,31,005,MAURICIO LIZCANO,CANDIDATO,ELIMINADO,CEPEDA,GUAINIA,36900,8,22,117,12134,12009,0.0025813972853693063,0.00255480468106148,24766
52,0,996,9549,996,VOTO EN BLANCO,VOTO_EN_BLANCO,NO_APLICA,INDEFINIDO,META,854033,29,194,2543,546955,536993,0.017782354704809933,0.017458474645994645,307078
52,0,997,9000,997,VOTO NULO,VOTO_NULO,NO_APLICA,INDEFINIDO,META,854033,29,194,2543,546955,536993,,0.016454735764368185,307078
52,0,998,962,998,NO MARCADOS,NO_MARCADO,NO_APLICA,INDEFINIDO,META,854033,29,194,2543,546955,536993,,0.001758828422813577,307078
52,9,11,36706,011,PALOMA VALENCIA,CANDIDATO,ELIMINADO,ABELARDO,META,854033,29,194,2543,546955,536993,0.06835470853437568,0.06710972566298873,307078
52,15,12,17768,012,SERGIO FAJARDO,CANDIDATO,ELIMINADO,DIVIDIDO,META,854033,29,194,2543,546955,536993,0.03308795459158685,0.03248530500681043,307078
52,20,6,661,006,MIGUEL URIBE,CANDIDATO,ELIMINADO,ABELARDO,META,854033,29,194,2543,546955,536993,0.0012309285223457288,0.0012085089266941523,307078
52,21,10,135,010,GUSTAVO MATAMORROS,CANDIDATO,ELIMINADO,INCIERTO,META,854033,29,194,2543,546955,536993,0.00025139992513868893,0.00024682103646552275,307078
52,22,8,312,008,ROY BARRERAS,CANDIDATO,ELIMINADO,CEPEDA,META,854033,29,194,2543,546955,536993,0.0005810131603205256,0.0005704308398314303,307078
52,26,1,174242,001,IVAN CEPEDA,CANDIDATO,PASA_A_SEGUNDA,CEPEDA,META,854033,29,194,2543,546955,536993,0.3244772278223366,0.31856734100611567,307078
52,1001,3,12364,003,SANTIAGO BOTERO,CANDIDATO,ELIMINADO,INCIERTO,META,854033,29,194,2543,546955,536993,0.02302450869936852,0.02260515033229425,307078
52,1002,7,484,007,SONDRA MACOLLINS,CANDIDATO,ELIMINADO,INCIERTO,META,854033,29,194,2543,546955,536993,0.0009013152871638922,0.0008848991233282445,307078
52,1003,4,280090,004,ABELARDO DE LA ESPRIELLA,CANDIDATO,PASA_A_SEGUNDA,ABELARDO,META,854033,29,194,2543,546955,536993,0.5215896669044103,0.5120896600268761,307078
52,1004,2,3236,002,CLAUDIA LOPEZ,CANDIDATO,ELIMINADO,CEPEDA,META,854033,29,194,2543,546955,536993,0.006026149316657759,0.005916391659277272,307078
52,1005,13,356,013,LUIS GILBERTO MURILLO,CANDIDATO,ELIMINADO,CEPEDA,META,854033,29,194,2543,546955,536993,0.0006629509136990612,0.0006508762146794526,307078
52,1006,9,249,009,CARLOS CAICEDO,CANDIDATO,ELIMINADO,CEPEDA,META,854033,29,194,2543,546955,536993,0.0004636931952558041,0.0004552476894808531,307078
52,3001,5,841,005,MAURICIO LIZCANO,CANDIDATO,ELIMINADO,CEPEDA,META,854033,29,194,2543,546955,536993,0.0015661284225306476,0.001537603641981516,307078
54,0,996,1113,996,VOTO EN BLANCO,VOTO_EN_BLANCO,NO_APLICA,INDEFINIDO,GUAVIARE,69304,4,38,221,34951,34074,0.032664201443916185,0.03184458241538153,34353
54,0,997,725,997,VOTO NULO,VOTO_NULO,NO_APLICA,INDEFINIDO,GUAVIARE,69304,4,38,221,34951,34074,,0.020743326371205403,34353
54,0,998,152,998,NO MARCADOS,NO_MARCADO,NO_APLICA,INDEFINIDO,GUAVIARE,69304,4,38,221,34951,34074,,0.0043489456667906495,34353
54,9,11,2016,011,PALOMA VALENCIA,CANDIDATO,ELIMINADO,ABELARDO,GUAVIARE,69304,4,38,221,34951,34074,0.05916534601162177,0.05768075305427599,34353
54,15,12,835,012,SERGIO FAJARDO,CANDIDATO,ELIMINADO,DIVIDIDO,GUAVIARE,69304,4,38,221,34951,34074,0.024505488055408815,0.023890589682698634,34353
54,20,6,76,006,MIGUEL URIBE,CANDIDATO,ELIMINADO,ABELARDO,GUAVIARE,69304,4,38,221,34951,34074,0.002230439631390503,0.0021744728333953247,34353
54,21,10,20,010,GUSTAVO MATAMORROS,CANDIDATO,ELIMINADO,INCIERTO,GUAVIARE,69304,4,38,221,34951,34074,0.0005869577977343429,0.0005722296929987698,34353
54,22,8,33,008,ROY BARRERAS,CANDIDATO,ELIMINADO,CEPEDA,GUAVIARE,69304,4,38,221,34951,34074,0.0009684803662616658,0.00094417899344797,34353
54,26,1,12677,001,IVAN CEPEDA,CANDIDATO,PASA_A_SEGUNDA,CEPEDA,GUAVIARE,69304,4,38,221,34951,34074,0.37204320009391323,0.3627077909072702,34353
54,1001,3,754,003,SANTIAGO BOTERO,CANDIDATO,ELIMINADO,INCIERTO,GUAVIARE,69304,4,38,221,34951,34074,0.022128308974584728,0.021573059426053618,34353
54,1002,7,45,007,SONDRA MACOLLINS,CANDIDATO,ELIMINADO,INCIERTO,GUAVIARE,69304,4,38,221,34951,34074,0.0013206550449022716,0.0012875168092472318,34353
54,1003,4,16060,004,ABELARDO DE LA ESPRIELLA,CANDIDATO,PASA_A_SEGUNDA,ABELARDO,GUAVIARE,69304,4,38,221,34951,34074,0.47132711158067736,0.45950044347801206,34353
54,1004,2,298,002,CLAUDIA LOPEZ,CANDIDATO,ELIMINADO,CEPEDA,GUAVIARE,69304,4,38,221,34951,34074,0.00874567118624171,0.008526222425681669,34353
54,1005,13,41,013,LUIS GILBERTO MURILLO,CANDIDATO,ELIMINADO,CEPEDA,GUAVIARE,69304,4,38,221,34951,34074,0.001203263485355403,0.001173070870647478,34353
54,1006,9,16,009,CARLOS CAICEDO,CANDIDATO,ELIMINADO,CEPEDA,GUAVIARE,69304,4,38,221,34951,34074,0.00046956623818747434,0.00045778375439901577,34353
54,3001,5,90,005,MAURICIO LIZCANO,CANDIDATO,ELIMINADO,CEPEDA,GUAVIARE,69304,4,38,221,34951,34074,0.002641310089804543,0.0025750336184944636,34353
56,0,996,669,996,VOTO EN BLANCO,VOTO_EN_BLANCO,NO_APLICA,INDEFINIDO,SAN ANDRES,53790,2,4,156,18117,18000,0.03716666666666667,0.036926643484020534,35673
56,0,997,86,997,VOTO NULO,VOTO_NULO,NO_APLICA,INDEFINIDO,SAN ANDRES,53790,2,4,156,18117,18000,,0.004746922779709665,35673
56,0,998,31,998,NO MARCADOS,NO_MARCADO,NO_APLICA,INDEFINIDO,SAN ANDRES,53790,2,4,156,18117,18000,,0.0017111000717558095,35673
56,9,11,826,011,PALOMA VALENCIA,CANDIDATO,ELIMINADO,ABELARDO,SAN ANDRES,53790,2,4,156,18117,18000,0.04588888888888889,0.045592537395816084,35673
56,15,12,535,012,SERGIO FAJARDO,CANDIDATO,ELIMINADO,DIVIDIDO,SAN ANDRES,53790,2,4,156,18117,18000,0.029722222222222223,0.029530275431914776,35673
56,20,6,22,006,MIGUEL URIBE,CANDIDATO,ELIMINADO,ABELARDO,SAN ANDRES,53790,2,4,156,18117,18000,0.0012222222222222222,0.0012143290831815423,35673
56,21,10,2,010,GUSTAVO MATAMORROS,CANDIDATO,ELIMINADO,INCIERTO,SAN ANDRES,53790,2,4,156,18117,18000,0.00011111111111111112,0.00011039355301650383,35673
56,22,8,23,008,ROY BARRERAS,CANDIDATO,ELIMINADO,CEPEDA,SAN ANDRES,53790,2,4,156,18117,18000,0.0012777777777777779,0.001269525859689794,35673
56,26,1,7936,001,IVAN CEPEDA,CANDIDATO,PASA_A_SEGUNDA,CEPEDA,SAN ANDRES,53790,2,4,156,18117,18000,0.4408888888888889,0.43804161836948724,35673
56,1001,3,52,003,SANTIAGO BOTERO,CANDIDATO,ELIMINADO,INCIERTO,SAN ANDRES,53790,2,4,156,18117,18000,0.0028888888888888888,0.0028702323784290996,35673
56,1002,7,12,007,SONDRA MACOLLINS,CANDIDATO,ELIMINADO,INCIERTO,SAN ANDRES,53790,2,4,156,18117,18000,0.0006666666666666666,0.000662361318099023,35673
56,1003,4,7793,004,ABELARDO DE LA ESPRIELLA,CANDIDATO,PASA_A_SEGUNDA,ABELARDO,SAN ANDRES,53790,2,4,156,18117,18000,0.43294444444444447,0.4301484793288072,35673
56,1004,2,70,002,CLAUDIA LOPEZ,CANDIDATO,ELIMINADO,CEPEDA,SAN ANDRES,53790,2,4,156,18117,18000,0.0038888888888888888,0.003863774355577634,35673
56,1005,13,18,013,LUIS GILBERTO MURILLO,CANDIDATO,ELIMINADO,CEPEDA,SAN ANDRES,53790,2,4,156,18117,18000,0.001,0.0009935419771485345,35673
56,1006,9,11,009,CARLOS CAICEDO,CANDIDATO,ELIMINADO,CEPEDA,SAN ANDRES,53790,2,4,156,18117,18000,0.0006111111111111111,0.0006071645415907711,35673
56,3001,5,31,005,MAURICIO LIZCANO,CANDIDATO,ELIMINADO,CEPEDA,SAN ANDRES,53790,2,4,156,18117,18000,0.0017222222222222222,0.0017111000717558095,35673
60,0,996,479,996,VOTO EN BLANCO,VOTO_EN_BLANCO,NO_APLICA,INDEFINIDO,AMAZONAS,57274,11,26,176,25557,25227,0.018987592658659375,0.018742418906757444,31717
60,0,997,229,997,VOTO NULO,VOTO_NULO,NO_APLICA,INDEFINIDO,AMAZONAS,57274,11,26,176,25557,25227,,0.008960363109911178,31717
60,0,998,101,998,NO MARCADOS,NO_MARCADO,NO_APLICA,INDEFINIDO,AMAZONAS,57274,11,26,176,25557,25227,,0.003951950541925891,31717
60,9,11,1596,011,PALOMA VALENCIA,CANDIDATO,ELIMINADO,ABELARDO,AMAZONAS,57274,11,26,176,25557,25227,0.06326554881674397,0.062448644207066556,31717
60,15,12,494,012,SERGIO FAJARDO,CANDIDATO,ELIMINADO,DIVIDIDO,AMAZONAS,57274,11,26,176,25557,25227,0.019582193681373133,0.01932934225456822,31717
60,20,6,53,006,MIGUEL URIBE,CANDIDATO,ELIMINADO,ABELARDO,AMAZONAS,57274,11,26,176,25557,25227,0.0021009236135886154,0.002073795828931408,31717
60,21,10,12,010,GUSTAVO MATAMORROS,CANDIDATO,ELIMINADO,INCIERTO,AMAZONAS,57274,11,26,176,25557,25227,0.00047568081817100726,0.0004695386782486207,31717
60,22,8,35,008,ROY BARRERAS,CANDIDATO,ELIMINADO,CEPEDA,AMAZONAS,57274,11,26,176,25557,25227,0.0013874023863321046,0.001369487811558477,31717
60,26,1,13954,001,IVAN CEPEDA,CANDIDATO,PASA_A_SEGUNDA,CEPEDA,AMAZONAS,57274,11,26,176,25557,25227,0.5531375113965196,0.5459952263567711,31717
60,1001,3,341,003,SANTIAGO BOTERO,CANDIDATO,ELIMINADO,INCIERTO,AMAZONAS,57274,11,26,176,25557,25227,0.013517263249692789,0.013342724106898306,31717
60,1002,7,27,007,SONDRA MACOLLINS,CANDIDATO,ELIMINADO,INCIERTO,AMAZONAS,57274,11,26,176,25557,25227,0.0010702818408847663,0.0010564620260593966,31717
60,1003,4,7887,004,ABELARDO DE LA ESPRIELLA,CANDIDATO,PASA_A_SEGUNDA,ABELARDO,AMAZONAS,57274,11,26,176,25557,25227,0.3126412177428945,0.30860429627890595,31717
60,1004,2,218,002,CLAUDIA LOPEZ,CANDIDATO,ELIMINADO,CEPEDA,AMAZONAS,57274,11,26,176,25557,25227,0.008641534863439965,0.008529952654849944,31717
60,1005,13,27,013,LUIS GILBERTO MURILLO,CANDIDATO,ELIMINADO,CEPEDA,AMAZONAS,57274,11,26,176,25557,25227,0.0010702818408847663,0.0010564620260593966,31717
60,1006,9,38,009,CARLOS CAICEDO,CANDIDATO,ELIMINADO,CEPEDA,AMAZONAS,57274,11,26,176,25557,25227,0.0015063225908748562,0.0014868724811206322,31717
60,3001,5,66,005,MAURICIO LIZCANO,CANDIDATO,ELIMINADO,CEPEDA,AMAZONAS,57274,11,26,176,25557,25227,0.0026162444999405397,0.002582462730367414,31717
64,0,996,2937,996,VOTO EN BLANCO,VOTO_EN_BLANCO,NO_APLICA,INDEFINIDO,PUTUMAYO,263450,13,102,809,134494,132301,0.02219937868950348,0.021837405386113878,128956
64,0,997,1702,997,VOTO NULO,VOTO_NULO,NO_APLICA,INDEFINIDO,PUTUMAYO,263450,13,102,809,134494,132301,,0.012654839621098339,128956
64,0,998,491,998,NO MARCADOS,NO_MARCADO,NO_APLICA,INDEFINIDO,PUTUMAYO,263450,13,102,809,134494,132301,,0.0036507204782369475,128956
64,9,11,4414,011,PALOMA VALENCIA,CANDIDATO,ELIMINADO,ABELARDO,PUTUMAYO,263450,13,102,809,134494,132301,0.03336331547002668,0.03281930792451708,128956
64,15,12,2131,012,SERGIO FAJARDO,CANDIDATO,ELIMINADO,DIVIDIDO,PUTUMAYO,263450,13,102,809,134494,132301,0.01610721007399793,0.015844572992103737,128956
64,20,6,170,006,MIGUEL URIBE,CANDIDATO,ELIMINADO,ABELARDO,PUTUMAYO,263450,13,102,809,134494,132301,0.0012849487154292106,0.001263996906925216,128956
64,21,10,50,010,GUSTAVO MATAMORROS,CANDIDATO,ELIMINADO,INCIERTO,PUTUMAYO,263450,13,102,809,134494,132301,0.00037792609277329724,0.0003717637961544753,128956
64,22,8,86,008,ROY BARRERAS,CANDIDATO,ELIMINADO,CEPEDA,PUTUMAYO,263450,13,102,809,134494,132301,0.0006500328795700712,0.0006394337293856975,128956
64,26,1,94416,001,IVAN CEPEDA,CANDIDATO,PASA_A_SEGUNDA,CEPEDA,PUTUMAYO,263450,13,102,809,134494,132301,0.7136453995056726,0.7020090115544187,128956
64,1001,3,1697,003,SANTIAGO BOTERO,CANDIDATO,ELIMINADO,INCIERTO,PUTUMAYO,263450,13,102,809,134494,132301,0.01282681158872571,0.012617663241482892,128956
64,1002,7,386,007,SONDRA MACOLLINS,CANDIDATO,ELIMINADO,INCIERTO,PUTUMAYO,263450,13,102,809,134494,132301,0.0029175894362098546,0.002870016506312549,128956
64,1003,4,25087,004,ABELARDO DE LA ESPRIELLA,CANDIDATO,PASA_A_SEGUNDA,ABELARDO,PUTUMAYO,263450,13,102,809,134494,132301,0.18962063778807417,0.18652876708254643,128956
64,1004,2,582,002,CLAUDIA LOPEZ,CANDIDATO,ELIMINADO,CEPEDA,PUTUMAYO,263450,13,102,809,134494,132301,0.00439905971988118,0.004327330587238092,128956
64,1005,13,66,013,LUIS GILBERTO MURILLO,CANDIDATO,ELIMINADO,CEPEDA,PUTUMAYO,263450,13,102,809,134494,132301,0.0004988624424607524,0.0004907282109239074,128956
64,1006,9,57,009,CARLOS CAICEDO,CANDIDATO,ELIMINADO,CEPEDA,PUTUMAYO,263450,13,102,809,134494,132301,0.00043083574576155886,0.00042381072761610186,128956
64,3001,5,222,005,MAURICIO LIZCANO,CANDIDATO,ELIMINADO,CEPEDA,PUTUMAYO,263450,13,102,809,134494,132301,0.0016779918519134397,0.0016506312549258704,128956
68,0,996,141,996,VOTO EN BLANCO,VOTO_EN_BLANCO,NO_APLICA,INDEFINIDO,VAUPES,26110,6,28,88,9254,9178,0.015362824144693834,0.015236654419710395,16856
68,0,997,46,997,VOTO NULO,VOTO_NULO,NO_APLICA,INDEFINIDO,VAUPES,26110,6,28,88,9254,9178,,0.004970823427706938,16856
68,0,998,30,998,NO MARCADOS,NO_MARCADO,NO_APLICA,INDEFINIDO,VAUPES,26110,6,28,88,9254,9178,,0.003241841365895829,16856
68,9,11,344,011,PALOMA VALENCIA,CANDIDATO,ELIMINADO,ABELARDO,VAUPES,26110,6,28,88,9254,9178,0.03748093266506864,0.037173114328938835,16856
68,15,12,147,012,SERGIO FAJARDO,CANDIDATO,ELIMINADO,DIVIDIDO,VAUPES,26110,6,28,88,9254,9178,0.01601656134234038,0.01588502269288956,16856
68,20,6,16,006,MIGUEL URIBE,CANDIDATO,ELIMINADO,ABELARDO,VAUPES,26110,6,28,88,9254,9178,0.001743299193724123,0.0017289820618111088,16856
68,21,10,8,010,GUSTAVO MATAMORROS,CANDIDATO,ELIMINADO,INCIERTO,VAUPES,26110,6,28,88,9254,9178,0.0008716495968620615,0.0008644910309055544,16856
68,22,8,17,008,ROY BARRERAS,CANDIDATO,ELIMINADO,CEPEDA,VAUPES,26110,6,28,88,9254,9178,0.0018522553933318807,0.001837043440674303,16856
68,26,1,6932,001,IVAN CEPEDA,CANDIDATO,PASA_A_SEGUNDA,CEPEDA,VAUPES,26110,6,28,88,9254,9178,0.7552843756809763,0.7490814782796629,16856
68,1001,3,52,003,SANTIAGO BOTERO,CANDIDATO,ELIMINADO,INCIERTO,VAUPES,26110,6,28,88,9254,9178,0.0056657223796034,0.0056191917008861034,16856
68,1002,7,12,007,SONDRA MACOLLINS,CANDIDATO,ELIMINADO,INCIERTO,VAUPES,26110,6,28,88,9254,9178,0.0013074743952930922,0.0012967365463583316,16856
68,1003,4,1379,004,ABELARDO DE LA ESPRIELLA,CANDIDATO,PASA_A_SEGUNDA,ABELARDO,VAUPES,26110,6,28,88,9254,9178,0.15025059925909784,0.14901664145234494,16856
68,1004,2,69,002,CLAUDIA LOPEZ,CANDIDATO,ELIMINADO,CEPEDA,VAUPES,26110,6,28,88,9254,9178,0.00751797777293528,0.007456235141560406,16856
68,1005,13,5,013,LUIS GILBERTO MURILLO,CANDIDATO,ELIMINADO,CEPEDA,VAUPES,26110,6,28,88,9254,9178,0.0005447809980387884,0.0005403068943159715,16856
68,1006,9,3,009,CARLOS CAICEDO,CANDIDATO,ELIMINADO,CEPEDA,VAUPES,26110,6,28,88,9254,9178,0.00032686859882327305,0.0003241841365895829,16856
68,3001,5,53,005,MAURICIO LIZCANO,CANDIDATO,ELIMINADO,CEPEDA,VAUPES,26110,6,28,88,9254,9178,0.0057746785792111574,0.005727253079749297,16856
72,0,996,334,996,VOTO EN BLANCO,VOTO_EN_BLANCO,NO_APLICA,INDEFINIDO,VICHADA,57355,4,58,197,21571,21307,0.015675599568217017,0.015483751332807936,35784
72,0,997,169,997,VOTO NULO,VOTO_NULO,NO_APLICA,INDEFINIDO,VICHADA,57355,4,58,197,21571,21307,,0.007834592740253117,35784
72,0,998,95,998,NO MARCADOS,NO_MARCADO,NO_APLICA,INDEFINIDO,VICHADA,57355,4,58,197,21571,21307,,0.004404061007834593,35784
72,9,11,954,011,PALOMA VALENCIA,CANDIDATO,ELIMINADO,ABELARDO,VICHADA,57355,4,58,197,21571,21307,0.044774017928380344,0.044226044226044224,35784
72,15,12,293,012,SERGIO FAJARDO,CANDIDATO,ELIMINADO,DIVIDIDO,VICHADA,57355,4,58,197,21571,21307,0.013751349321819121,0.013583051318900375,35784
72,20,6,35,006,MIGUEL URIBE,CANDIDATO,ELIMINADO,ABELARDO,VICHADA,57355,4,58,197,21571,21307,0.0016426526493640587,0.0016225487923601132,35784
72,21,10,6,010,GUSTAVO MATAMORROS,CANDIDATO,ELIMINADO,INCIERTO,VICHADA,57355,4,58,197,21571,21307,0.0002815975970338386,0.00027815122154744795,35784
72,22,8,35,008,ROY BARRERAS,CANDIDATO,ELIMINADO,CEPEDA,VICHADA,57355,4,58,197,21571,21307,0.0016426526493640587,0.0016225487923601132,35784
72,26,1,9769,001,IVAN CEPEDA,CANDIDATO,PASA_A_SEGUNDA,CEPEDA,VICHADA,57355,4,58,197,21571,21307,0.4584878209039283,0.4528765472161699,35784
72,1001,3,312,003,SANTIAGO BOTERO,CANDIDATO,ELIMINADO,INCIERTO,VICHADA,57355,4,58,197,21571,21307,0.01464307504575961,0.014463863520467295,35784
72,1002,7,25,007,SONDRA MACOLLINS,CANDIDATO,ELIMINADO,INCIERTO,VICHADA,57355,4,58,197,21571,21307,0.0011733233209743276,0.0011589634231143665,35784
72,1003,4,9334,004,ABELARDO DE LA ESPRIELLA,CANDIDATO,PASA_A_SEGUNDA,ABELARDO,VICHADA,57355,4,58,197,21571,21307,0.438071995118975,0.4327105836539799,35784
72,1004,2,92,002,CLAUDIA LOPEZ,CANDIDATO,ELIMINADO,CEPEDA,VICHADA,57355,4,58,197,21571,21307,0.004317829821185526,0.004264985397060868,35784
72,1005,13,19,013,LUIS GILBERTO MURILLO,CANDIDATO,ELIMINADO,CEPEDA,VICHADA,57355,4,58,197,21571,21307,0.000891725723940489,0.0008808122015669186,35784
72,1006,9,29,009,CARLOS CAICEDO,CANDIDATO,ELIMINADO,CEPEDA,VICHADA,57355,4,58,197,21571,21307,0.0013610550523302201,0.0013443975708126651,35784
72,3001,5,70,005,MAURICIO LIZCANO,CANDIDATO,ELIMINADO,CEPEDA,VICHADA,57355,4,58,197,21571,21307,0.0032853052987281174,0.0032450975847202264,35784
88,0,996,4529,996,VOTO EN BLANCO,VOTO_EN_BLANCO,NO_APLICA,INDEFINIDO,CONSULADOS,1414661,67,142,2181,589829,588573,0.0076948823680325126,0.007678496649028786,824832
88,0,997,1011,997,VOTO NULO,VOTO_NULO,NO_APLICA,INDEFINIDO,CONSULADOS,1414661,67,142,2181,589829,588573,,0.0017140561077871722,824832
88,0,998,245,998,NO MARCADOS,NO_MARCADO,NO_APLICA,INDEFINIDO,CONSULADOS,1414661,67,142,2181,589829,588573,,0.00041537462552705955,824832
88,9,11,54549,011,PALOMA VALENCIA,CANDIDATO,ELIMINADO,ABELARDO,CONSULADOS,1414661,67,142,2181,589829,588573,0.09268009235897672,0.09248273652194111,824832
88,15,12,31666,012,SERGIO FAJARDO,CANDIDATO,ELIMINADO,DIVIDIDO,CONSULADOS,1414661,67,142,2181,589829,588573,0.05380131266639822,0.053686746497713746,824832
88,20,6,349,006,MIGUEL URIBE,CANDIDATO,ELIMINADO,ABELARDO,CONSULADOS,1414661,67,142,2181,589829,588573,0.0005929595819040289,0.0005916969155467093,824832
88,21,10,85,010,GUSTAVO MATAMORROS,CANDIDATO,ELIMINADO,INCIERTO,CONSULADOS,1414661,67,142,2181,589829,588573,0.00014441709014854573,0.0001441095639583676,824832
88,22,8,171,008,ROY BARRERAS,CANDIDATO,ELIMINADO,CEPEDA,CONSULADOS,1414661,67,142,2181,589829,588573,0.0002905332048870743,0.00028991453455153954,824832
88,26,1,167526,001,IVAN CEPEDA,CANDIDATO,PASA_A_SEGUNDA,CEPEDA,CONSULADOS,1414661,67,142,2181,589829,588573,0.28463079346147374,0.2840246919022293,824832
88,1001,3,2328,003,SANTIAGO BOTERO,CANDIDATO,ELIMINADO,INCIERTO,CONSULADOS,1414661,67,142,2181,589829,588573,0.00395532924548017,0.003946906645824468,824832
88,1002,7,352,007,SONDRA MACOLLINS,CANDIDATO,ELIMINADO,INCIERTO,CONSULADOS,1414661,67,142,2181,589829,588573,0.0005980566556739776,0.0005967831354511223,824832
88,1003,4,319988,004,ABELARDO DE LA ESPRIELLA,CANDIDATO,PASA_A_SEGUNDA,ABELARDO,CONSULADOS,1414661,67,142,2181,589829,588573,0.5436674804994452,0.5425097782577663,824832
88,1004,2,6286,002,CLAUDIA LOPEZ,CANDIDATO,ELIMINADO,CEPEDA,CONSULADOS,1414661,67,142,2181,589829,588573,0.010680068572632451,0.010657326106379985,824832
88,1005,13,252,013,LUIS GILBERTO MURILLO,CANDIDATO,ELIMINADO,CEPEDA,CONSULADOS,1414661,67,142,2181,589829,588573,0.00042815419667568847,0.0004272424719706898,824832
88,1006,9,171,009,CARLOS CAICEDO,CANDIDATO,ELIMINADO,CEPEDA,CONSULADOS,1414661,67,142,2181,589829,588573,0.0002905332048870743,0.00028991453455153954,824832
88,3001,5,321,005,MAURICIO LIZCANO,CANDIDATO,ELIMINADO,CEPEDA,CONSULADOS,1414661,67,142,2181,589829,588573,0.000545386893384508,0.0005442255297721882,824832
